{
    "x": [
        0.0,
        1.0,
        2.0,
        3.0,
        4.0,
        5.0,
        6.0,
        7.0,
        8.0,
        9.0,
        10.0,
        11.0,
        12.0,
        13.0,
        14.0,
        15.0,
        16.0,
        17.0,
        18.0,
        19.0,
        20.0,
        21.0,
        22.0,
        23.0,
        24.0,
        25.0,
        26.0,
        27.0,
        28.0,
        29.0,
        30.0,
        31.0,
        32.0,
        33.0,
        34.0,
        35.0,
        36.0,
        37.0,
        38.0,
        39.0,
        40.0,
        41.0,
        42.0,
        43.0,
        44.0,
        45.0,
        46.0,
        47.0,
        48.0,
        49.0,
        50.0,
        51.0,
        52.0,
        53.0,
        54.0,
        55.0,
        56.0,
        57.0,
        58.0,
        59.0,
        60.0,
        61.0,
        62.0,
        63.0,
        64.0,
        65.0,
        66.0,
        67.0,
        68.0,
        69.0,
        70.0,
        71.0,
        72.0,
        73.0,
        74.0,
        75.0,
        76.0,
        77.0,
        78.0,
        79.0,
        80.0,
        81.0,
        82.0,
        83.0,
        84.0,
        85.0,
        86.0,
        87.0,
        88.0,
        89.0,
        90.0,
        91.0,
        92.0,
        93.0,
        94.0,
        95.0,
        96.0,
        97.0,
        98.0,
        99.0,
        100.0
    ],
    "demtherm": [
        0.039843921415615394,
        0.04153428203064408,
        0.04085329972895306,
        0.038286049877028626,
        0.03464746813235042,
        0.030795103810113047,
        0.027375805264253032,
        0.024694772852406635,
        0.022727579246982023,
        0.021237513111338466,
        0.019932892278423778,
        0.018601144160126322,
        0.017178418712922187,
        0.01574430615274106,
        0.014459887628547633,
        0.01348395127671798,
        0.01290253385137101,
        0.012694910479284852,
        0.012742787183246434,
        0.01287471912249704,
        0.012927065756265252,
        0.01279791698936506,
        0.012473930420951292,
        0.01202197943268158,
        0.01155258547509826,
        0.011172305314546386,
        0.01094331842242191,
        0.010862672122973725,
        0.010865967666554134,
        0.010853224403174284,
        0.010728001205092654,
        0.010435366115244057,
        0.009983406563814117,
        0.009439294337326303,
        0.008902199204681455,
        0.008465263420482717,
        0.008182228446875333,
        0.008050828116729697,
        0.008017964868457206,
        0.008004092196139108,
        0.007937725155894826,
        0.007786966595077444,
        0.007575291112310341,
        0.007374426810357798,
        0.007276058133267525,
        0.007352357869924767,
        0.0076199243756842495,
        0.008021488433656422,
        0.00843475281154466,
        0.008708272875238105,
        0.008712537243040892,
        0.008385726759088542,
        0.007754215682878152,
        0.0069193151307846,
        0.006018060633244668,
        0.0051771427273166176,
        0.004479173097678879,
        0.00395117079099973,
        0.0035736502994452024,
        0.0033014021291577662,
        0.003085764479338861,
        0.0028909293597026682,
        0.0027009015539369717,
        0.002517471006524687,
        0.002352233109067304,
        0.0022169022139282846,
        0.002115815275390061,
        0.0020429992121245707,
        0.001984181675732928,
        0.0019223172543211483,
        0.0018440488382798598,
        0.0017443681565537017,
        0.001627694622127456,
        0.0015052806046993075,
        0.0013904221478430422,
        0.0012936059240241534,
        0.0012193026325192976,
        0.0011651490075198045,
        0.0011233814387132213,
        0.0010838243959569286,
        0.001037386738707775,
        0.0009788560111666914,
        0.0009080144429401704,
        0.0008288314670578123,
        0.0007473775485454938,
        0.0006695708595945335,
        0.0005996419119835827,
        0.00053958620088709,
        0.0004894082681149094,
        0.00044787419653322466,
        0.00041357633873592367,
        0.00038607542558947853,
        0.0003666969034927062,
        0.0003584628210978404,
        0.00036485940903926956,
        0.0003876622302056522,
        0.0004246396981813364,
        0.0004683160296914833,
        0.000506804710915429,
        0.0005269101286497474,
        0.0005185033157949337
    ],
    "reptherm": [
        0.0005110145341280604,
        0.0005586787267654263,
        0.0005809639651308955,
        0.0005839950391192703,
        0.0005785923994802464,
        0.0005758623112301349,
        0.000582975544380616,
        0.0006006922596965032,
        0.0006234833542727002,
        0.0006422962272563772,
        0.0006490763404292258,
        0.0006412428276439904,
        0.0006240230388464102,
        0.000609360537462231,
        0.000611718318889939,
        0.0006425496116378223,
        0.0007057416564792603,
        0.0007959079934136002,
        0.0009003661248356301,
        0.001004249279457811,
        0.0010967492129377225,
        0.0011756853143013192,
        0.0012482575647488842,
        0.0013278316471080896,
        0.0014284964589749293,
        0.0015595149401036066,
        0.0017209090719772482,
        0.0019009145653388752,
        0.0020766885130698047,
        0.00222000931322458,
        0.0023078037224422603,
        0.00233364591384227,
        0.0023140970770897983,
        0.002285530366013851,
        0.0022919566410262836,
        0.0023687578933409732,
        0.0025286852738662423,
        0.002755450508264165,
        0.00300821544688023,
        0.003237408372126153,
        0.0034080521941240818,
        0.0035223900879925623,
        0.003631950716749613,
        0.0038318831136770985,
        0.004235841165256753,
        0.004935528573524181,
        0.005955074271281068,
        0.007217127350517047,
        0.008541099007632245,
        0.009686493341544165,
        0.010432964883865475,
        0.010664360292056646,
        0.010415615385724615,
        0.009858817038480865,
        0.009237002063903328,
        0.008778480683660005,
        0.00862683870052498,
        0.008807638287225451,
        0.009236475962218818,
        0.009761831509125742,
        0.010227889946028712,
        0.010535522694811422,
        0.010678624844257944,
        0.010742732486827633,
        0.010869240182864455,
        0.011201301345592734,
        0.011830912018173375,
        0.01276391936477346,
        0.013915200574651765,
        0.015138396063062278,
        0.01628048505849158,
        0.01723713821204624,
        0.01798312269375209,
        0.018567585362103355,
        0.019083948367494153,
        0.0196310113117433,
        0.02027451162012597,
        0.021012937865500615,
        0.021758592398528724,
        0.022353303397286327,
        0.0226275686870824,
        0.022482046559265976,
        0.02194707353071638,
        0.021183923298957647,
        0.020425970414624937,
        0.019889981571926982,
        0.01969610844748214,
        0.019824208496086806,
        0.020120097580891696,
        0.020353479991692524,
        0.02031314112947928,
        0.019904685877110206,
        0.01920622954698452,
        0.018451278753325886,
        0.017939914971723904,
        0.017909730166722634,
        0.018413637626108256,
        0.01925355499185856,
        0.0200087161073922,
        0.020168042586462806,
        0.019326165388245768
    ],
    "demtherm_avg": 19.289001752137448,
    "reptherm_avg": 75.3011447060256
}