{
    "x": [
        0.0,
        1.0,
        2.0,
        3.0,
        4.0,
        5.0,
        6.0,
        7.0,
        8.0,
        9.0,
        10.0,
        11.0,
        12.0,
        13.0,
        14.0,
        15.0,
        16.0,
        17.0,
        18.0,
        19.0,
        20.0,
        21.0,
        22.0,
        23.0,
        24.0,
        25.0,
        26.0,
        27.0,
        28.0,
        29.0,
        30.0,
        31.0,
        32.0,
        33.0,
        34.0,
        35.0,
        36.0,
        37.0,
        38.0,
        39.0,
        40.0,
        41.0,
        42.0,
        43.0,
        44.0,
        45.0,
        46.0,
        47.0,
        48.0,
        49.0,
        50.0,
        51.0,
        52.0,
        53.0,
        54.0,
        55.0,
        56.0,
        57.0,
        58.0,
        59.0,
        60.0,
        61.0,
        62.0,
        63.0,
        64.0,
        65.0,
        66.0,
        67.0,
        68.0,
        69.0,
        70.0,
        71.0,
        72.0,
        73.0,
        74.0,
        75.0,
        76.0,
        77.0,
        78.0,
        79.0,
        80.0,
        81.0,
        82.0,
        83.0,
        84.0,
        85.0,
        86.0,
        87.0,
        88.0,
        89.0,
        90.0,
        91.0,
        92.0,
        93.0,
        94.0,
        95.0,
        96.0,
        97.0,
        98.0,
        99.0,
        100.0
    ],
    "demtherm": [
        0.0004572350909636805,
        0.00047034410960386503,
        0.0004528130894865398,
        0.00041980092217764004,
        0.0003901084660252271,
        0.0003788584503508892,
        0.0003928467839413265,
        0.0004294066536445527,
        0.0004781650318929818,
        0.0005250862777853096,
        0.0005580931763413243,
        0.0005724396106470876,
        0.0005732107863413217,
        0.0005735027986999952,
        0.0005893660020863411,
        0.0006340767133334334,
        0.0007136149570600074,
        0.0008239721530445943,
        0.0009510000563994428,
        0.0010741910501482802,
        0.0011745605548889983,
        0.0012434431028292099,
        0.0012869313179813316,
        0.001323002058497864,
        0.0013733960766716625,
        0.0014550193272661878,
        0.0015738926954788279,
        0.001721922589758444,
        0.0018769666991652596,
        0.002008429601989056,
        0.0020891155147790014,
        0.002108652167628947,
        0.0020803260234350143,
        0.002036707383875729,
        0.0020170729160636754,
        0.0020536671266916193,
        0.0021615352242992237,
        0.0023330618409518273,
        0.0025385206809068537,
        0.0027356750894705207,
        0.002888944436755195,
        0.0029917412185181415,
        0.0030812217055417833,
        0.00323765392294663,
        0.003566765273405796,
        0.004166247877487282,
        0.005079357375442967,
        0.006248050541706868,
        0.007493783570561773,
        0.008556188600027503,
        0.009190762960507474,
        0.009280374396660762,
        0.008893921902211836,
        0.008255661119794767,
        0.007647333373116965,
        0.007300971560596005,
        0.007329166888549398,
        0.0077061229547281136,
        0.00829272251083539,
        0.008896328455371423,
        0.009350281482543158,
        0.00958269771378341,
        0.00964042155767637,
        0.009658373951572388,
        0.009798882285365625,
        0.010195524034018518,
        0.01091586911957288,
        0.011938607273027502,
        0.01314784331914312,
        0.014362843004209399,
        0.015408908217080358,
        0.01619580304018784,
        0.01675102703765221,
        0.017188344183443716,
        0.017645264885564487,
        0.018235498836535545,
        0.019023955916576834,
        0.020000205732426182,
        0.021048522645926757,
        0.02195642115069073,
        0.022496692187084062,
        0.022549833408258696,
        0.02218024988529316,
        0.021609333168004546,
        0.021112348954005686,
        0.020912260701630013,
        0.021113643776780083,
        0.021670379100884814,
        0.022379394838977048,
        0.0229256569184958,
        0.02300121442414626,
        0.022461686243407646,
        0.021430349367024155,
        0.0202796535044373,
        0.019495295957157186,
        0.019483658642473315,
        0.020386006144986576,
        0.02195279222339488,
        0.023543667169468034,
        0.02431255203273214,
        0.02355070250178348
    ],
    "reptherm": [
        0.039781844760927394,
        0.041423382357395545,
        0.04044601317130287,
        0.03752197772968363,
        0.03367734201362797,
        0.029897767977574367,
        0.026827689398577517,
        0.024662616638064707,
        0.023224154197804575,
        0.022141249031718737,
        0.0210492089811775,
        0.019736284063251213,
        0.018198178181542932,
        0.01659870664081119,
        0.015170837518144988,
        0.01410965119247445,
        0.013499327393295341,
        0.013291614733673797,
        0.01333195315840098,
        0.01341850731193314,
        0.013373329742446916,
        0.013100369623518614,
        0.012608093192398351,
        0.011990088507657067,
        0.011377474970366086,
        0.01088719255165886,
        0.010584600843352752,
        0.010466746870095706,
        0.010466165288983632,
        0.01047455434814554,
        0.010382530312605822,
        0.01012276119710227,
        0.009697402500705773,
        0.00917621654478842,
        0.008666931209342489,
        0.008272544751049443,
        0.00805309798037723,
        0.00800432559022152,
        0.008059441201480977,
        0.00811495351939228,
        0.008073902556307116,
        0.00789058043414447,
        0.007596411725980213,
        0.007293236730319354,
        0.007115075981793409,
        0.007173171862992228,
        0.007504984401456192,
        0.008046343341758702,
        0.008639894097170607,
        0.009081948273860744,
        0.009193480754792656,
        0.008885962644531575,
        0.008191136543800022,
        0.007241301270626653,
        0.006213269951651106,
        0.005266268014975034,
        0.004500949775037385,
        0.003949352643906075,
        0.003588801703945133,
        0.0033661903230743154,
        0.0032215821442229866,
        0.0031053426597996087,
        0.002986911175797476,
        0.002855687274933472,
        0.0027161626092304814,
        0.0025802548359689947,
        0.0024595310040802162,
        0.0023592540769173964,
        0.0022756860473901264,
        0.002197546612207833,
        0.0021111463053011493,
        0.00200673932801095,
        0.0018826820555823015,
        0.0017452798407246418,
        0.001604977119944029,
        0.001471574944074355,
        0.0013510147961230139,
        0.0012445871374514742,
        0.0011499262774535518,
        0.00106277800887364,
        0.0009788549073800725,
        0.0008953472572970939,
        0.0008117029459471462,
        0.0007294869643636543,
        0.0006515586465090542,
        0.0005810750506423865,
        0.0005206664829770787,
        0.000471796294601072,
        0.0004342710029789596,
        0.0004061502881774485,
        0.0003844748801122722,
        0.0003668933399959222,
        0.0003535578817745357,
        0.0003481187246861287,
        0.00035675553347999417,
        0.00038503010586496834,
        0.000433612717938004,
        0.0004950208824123723,
        0.000553662449956443,
        0.0005901812696619773,
        0.0005887044063001766
    ],
    "demtherm_avg": 77.09878913628188,
    "reptherm_avg": 19.748769610697256
}