{
    "x": [
        0.0,
        1.0,
        2.0,
        3.0,
        4.0,
        5.0,
        6.0,
        7.0,
        8.0,
        9.0,
        10.0,
        11.0,
        12.0,
        13.0,
        14.0,
        15.0,
        16.0,
        17.0,
        18.0,
        19.0,
        20.0,
        21.0,
        22.0,
        23.0,
        24.0,
        25.0,
        26.0,
        27.0,
        28.0,
        29.0,
        30.0,
        31.0,
        32.0,
        33.0,
        34.0,
        35.0,
        36.0,
        37.0,
        38.0,
        39.0,
        40.0,
        41.0,
        42.0,
        43.0,
        44.0,
        45.0,
        46.0,
        47.0,
        48.0,
        49.0,
        50.0,
        51.0,
        52.0,
        53.0,
        54.0,
        55.0,
        56.0,
        57.0,
        58.0,
        59.0,
        60.0,
        61.0,
        62.0,
        63.0,
        64.0,
        65.0,
        66.0,
        67.0,
        68.0,
        69.0,
        70.0,
        71.0,
        72.0,
        73.0,
        74.0,
        75.0,
        76.0,
        77.0,
        78.0,
        79.0,
        80.0,
        81.0,
        82.0,
        83.0,
        84.0,
        85.0,
        86.0,
        87.0,
        88.0,
        89.0,
        90.0,
        91.0,
        92.0,
        93.0,
        94.0,
        95.0,
        96.0,
        97.0,
        98.0,
        99.0,
        100.0
    ],
    "demtherm": [
        0.04107637549770954,
        0.04278823200515961,
        0.041578202648415566,
        0.038190488335668404,
        0.033794579953231256,
        0.029529477478989728,
        0.026148667439453523,
        0.02388313707119863,
        0.02251472340455891,
        0.021580121498114713,
        0.02061010142866796,
        0.01931933367994523,
        0.017688196356603538,
        0.015922823115959012,
        0.01433134632757639,
        0.013183079761312545,
        0.012607591765364379,
        0.01255860376617621,
        0.012840855362682852,
        0.013185005048395124,
        0.013345857752465044,
        0.013188090216841381,
        0.012723516631571855,
        0.012085764207051607,
        0.011460918495131646,
        0.011011028030043446,
        0.010819890025697254,
        0.010871169136765483,
        0.011057540136214752,
        0.011218336783266674,
        0.011199011000764878,
        0.010912999739302301,
        0.010377799599728234,
        0.00970649555425866,
        0.009059827686564515,
        0.008583114210249612,
        0.008354260163864539,
        0.008358830590575782,
        0.008497838193245361,
        0.008626655011024678,
        0.008614221314047656,
        0.00840043156537368,
        0.00802577718489952,
        0.00761851972747214,
        0.00734484599937656,
        0.007342492336752097,
        0.007661374095404147,
        0.008230925525085595,
        0.008868821709681306,
        0.009336040319992984,
        0.009423598522035294,
        0.009034410994744071,
        0.0082189209654774,
        0.007146144272128124,
        0.006028817052122851,
        0.005044611488942093,
        0.004289345313731171,
        0.003772578144279274,
        0.0034431405420852486,
        0.0032248911070096903,
        0.003047977696513313,
        0.00286838164567709,
        0.0026736612180294594,
        0.00247646734683537,
        0.0023007153027794006,
        0.0021669920625781076,
        0.002082579431482101,
        0.0020384328387971717,
        0.0020127495403640177,
        0.001979189764527956,
        0.001916708352436464,
        0.0018171365008685955,
        0.0016872091755699874,
        0.0015443373049004838,
        0.0014087004701270488,
        0.001295735251231812,
        0.0012118817813574617,
        0.0011540582178212893,
        0.0011118884327257533,
        0.0010716504556489564,
        0.0010210514983729304,
        0.0009534590422446953,
        0.0008698395087309076,
        0.0007774750635898237,
        0.0006863094716192533,
        0.0006050117542213531,
        0.0005385109787087959,
        0.00048742607245837026,
        0.0004488556048543669,
        0.0004179659938437447,
        0.0003901085297867866,
        0.00036307417855428763,
        0.0003386583187633704,
        0.0003226031709638357,
        0.0003225168432446942,
        0.0003442280353886528,
        0.00038781270809285493,
        0.0004450404918033375,
        0.000499986370849691,
        0.0005335520324481997,
        0.0005305752008003001
    ],
    "reptherm": [
        0.0004903437088771534,
        0.0005362362812188615,
        0.0005533220830682228,
        0.0005512548335678441,
        0.0005457863059226647,
        0.0005522895454524293,
        0.0005796410232918311,
        0.0006263857273345568,
        0.0006805656980944974,
        0.000724078838239426,
        0.000740750576558893,
        0.0007247024382073468,
        0.0006844543551846635,
        0.0006402974994720164,
        0.000616437908154058,
        0.0006319174134232025,
        0.0006938668188477302,
        0.0007949018746872534,
        0.0009154768484979599,
        0.0010312970366208724,
        0.0011237552197079584,
        0.0011885124911657058,
        0.0012372196500850944,
        0.0012915908856548524,
        0.0013740662333445485,
        0.0014999663076633528,
        0.0016723025533793223,
        0.0018779336418057273,
        0.0020863655803839832,
        0.002256120740463395,
        0.00235103254948705,
        0.002360029410011278,
        0.002307991144626417,
        0.0022496560026395163,
        0.002249624303430813,
        0.002358576014440115,
        0.0025943125520030753,
        0.002931993185823851,
        0.0033073356161471058,
        0.0036367991233961627,
        0.0038527118477780604,
        0.003940130562628314,
        0.003956988413548857,
        0.004026771446418295,
        0.0043059734283978504,
        0.00493441500750404,
        0.00597595057134509,
        0.007363425458227294,
        0.008877640629449108,
        0.010193936508715752,
        0.0109988758826076,
        0.011126285820852197,
        0.010634699431330812,
        0.009780313139237174,
        0.008906963404866016,
        0.008318302695566871,
        0.008187319150818363,
        0.00852088720595532,
        0.009174383473850063,
        0.009910456641549985,
        0.010491528390446016,
        0.010775596400586215,
        0.010771669652296771,
        0.010629121005895898,
        0.010573235188872753,
        0.010821791275595818,
        0.011510401633951802,
        0.012640252433742725,
        0.014063758131622387,
        0.015528253460832826,
        0.016775541566603245,
        0.01765125459177866,
        0.01815977073822433,
        0.018438436851992472,
        0.01868456333429652,
        0.019086148939125337,
        0.019770930099197687,
        0.02075622677070572,
        0.021903718198864254,
        0.022927665839479753,
        0.0234972848430687,
        0.023398697084353107,
        0.0226552128527389,
        0.02152477322219063,
        0.02038342377062073,
        0.019572919951539116,
        0.019283955526131425,
        0.01949974236038618,
        0.020001317218867148,
        0.02044173263639589,
        0.020485715106889797,
        0.019967026483758234,
        0.018982472699638958,
        0.01786701776963046,
        0.017061834542269283,
        0.01693483008279208,
        0.017614243939932963,
        0.01888356568182046,
        0.020190173227052424,
        0.02081033020979222,
        0.02014159413312865
    ],
    "demtherm_avg": 19.636514427651022,
    "reptherm_avg": 75.07990930369311
}