{
    "x": [
        0.0,
        1.0,
        2.0,
        3.0,
        4.0,
        5.0,
        6.0,
        7.0,
        8.0,
        9.0,
        10.0,
        11.0,
        12.0,
        13.0,
        14.0,
        15.0,
        16.0,
        17.0,
        18.0,
        19.0,
        20.0,
        21.0,
        22.0,
        23.0,
        24.0,
        25.0,
        26.0,
        27.0,
        28.0,
        29.0,
        30.0,
        31.0,
        32.0,
        33.0,
        34.0,
        35.0,
        36.0,
        37.0,
        38.0,
        39.0,
        40.0,
        41.0,
        42.0,
        43.0,
        44.0,
        45.0,
        46.0,
        47.0,
        48.0,
        49.0,
        50.0,
        51.0,
        52.0,
        53.0,
        54.0,
        55.0,
        56.0,
        57.0,
        58.0,
        59.0,
        60.0,
        61.0,
        62.0,
        63.0,
        64.0,
        65.0,
        66.0,
        67.0,
        68.0,
        69.0,
        70.0,
        71.0,
        72.0,
        73.0,
        74.0,
        75.0,
        76.0,
        77.0,
        78.0,
        79.0,
        80.0,
        81.0,
        82.0,
        83.0,
        84.0,
        85.0,
        86.0,
        87.0,
        88.0,
        89.0,
        90.0,
        91.0,
        92.0,
        93.0,
        94.0,
        95.0,
        96.0,
        97.0,
        98.0,
        99.0,
        100.0
    ],
    "demtherm": [
        0.0004664040759090689,
        0.00049545378373439,
        0.0004947466548251324,
        0.00048013560337393607,
        0.00047000374425859787,
        0.00047840953276047745,
        0.0005120443781026537,
        0.0005689286820731008,
        0.0006375349207999954,
        0.0006988295532113344,
        0.0007337577574282642,
        0.0007333327528449592,
        0.0007041884259393612,
        0.0006653626395182096,
        0.0006394639572850914,
        0.0006447596903678586,
        0.0006909547132509475,
        0.0007766654428707278,
        0.0008876018447956536,
        0.0009990289502770698,
        0.001085842080116383,
        0.0011362119079445648,
        0.0011587582925929325,
        0.00117745883102594,
        0.0012193287274300736,
        0.0013044997549678983,
        0.001441705277595508,
        0.001624666983528994,
        0.0018279014354108001,
        0.002009389303414513,
        0.002126962475399505,
        0.00216155673512504,
        0.00212981236247538,
        0.002076093395793367,
        0.0020521261744864895,
        0.0020995109696044516,
        0.002239952065398729,
        0.0024674193729921088,
        0.002741604885205198,
        0.00299432164067749,
        0.003158201837966396,
        0.0032071748438586437,
        0.0031837421272040514,
        0.0031976643009363733,
        0.003401166040310338,
        0.003949355101188969,
        0.004941512362403241,
        0.006343409589598536,
        0.007929996720728551,
        0.009318554840739087,
        0.010121254682986136,
        0.01014300978215357,
        0.009488210078477482,
        0.008500376294255109,
        0.007589980513214233,
        0.007072991774901444,
        0.00709199752997598,
        0.007606530028506353,
        0.008419524283442455,
        0.009242923448542995,
        0.009812106741249882,
        0.010007647840574988,
        0.00990538261268053,
        0.009720205024316917,
        0.009696256365099135,
        0.010023635374365146,
        0.010802062641187998,
        0.012013705105513224,
        0.013493327811334752,
        0.01495007807083861,
        0.016086020021132158,
        0.016753861028997435,
        0.017026595784160402,
        0.017123531089662813,
        0.017278016000802178,
        0.01766694012223916,
        0.018408867143746215,
        0.019537082244132874,
        0.020913884854396703,
        0.022194066685342774,
        0.02295646725049425,
        0.022951819675356002,
        0.022264579246735337,
        0.021253679802869983,
        0.02034845101260047,
        0.019878808820379113,
        0.020013401866992714,
        0.020736488023209102,
        0.021808262055882068,
        0.022778346890409796,
        0.023149113007539576,
        0.022642625883625197,
        0.02138527653764726,
        0.019872312973724725,
        0.018755589378542742,
        0.018595304575253973,
        0.01965006537022292,
        0.021703982979396682,
        0.0239911651739118,
        0.025373097084099072,
        0.024824352924697934
    ],
    "reptherm": [
        0.04042627891801412,
        0.042022046337700965,
        0.0405625649728415,
        0.036975938018083195,
        0.03259418531153619,
        0.0286035978324061,
        0.025683638239400987,
        0.02393117786721372,
        0.0230022643653605,
        0.022354611741304438,
        0.021497189885576785,
        0.020175159545249788,
        0.01843391816200422,
        0.01654913814181803,
        0.014873703782253526,
        0.013685970228704476,
        0.013099279647430543,
        0.013042983607100834,
        0.013298742016299993,
        0.013577834879275398,
        0.013623874523626407,
        0.013306429004822642,
        0.012660624918833503,
        0.011852754062728661,
        0.011097098176008348,
        0.010572002199248625,
        0.01036646365703501,
        0.010459515966575387,
        0.010726568190036782,
        0.01097625025051705,
        0.011018974317513253,
        0.010744829405834391,
        0.010169943212282831,
        0.009424470212551368,
        0.008692767201995964,
        0.00814162260963677,
        0.007866696997583016,
        0.007866997581568821,
        0.008047436540479933,
        0.008251679932642,
        0.008323227058518904,
        0.008174933063458121,
        0.007833344311429449,
        0.007433402354855782,
        0.007165994322297658,
        0.007201999615309322,
        0.007619525851268865,
        0.008356087171185807,
        0.00920618364066884,
        0.00987915136163038,
        0.010107067370962468,
        0.009755893763419485,
        0.008878774067957946,
        0.007681264585546626,
        0.006424088417335614,
        0.005323242478398016,
        0.004495186757727221,
        0.003955511983668615,
        0.0036497851595909485,
        0.0034917392498681576,
        0.003395404256902908,
        0.0032970481721192615,
        0.0031654004504211276,
        0.0029999815958566415,
        0.002820625350482912,
        0.002653736696326248,
        0.002519953336296507,
        0.002425587977491369,
        0.0023595040243396324,
        0.002297206464537722,
        0.0022118205132309844,
        0.0020871530916487377,
        0.0019254313408429695,
        0.0017452296166157759,
        0.0015716451596760241,
        0.001425239576360936,
        0.0013153138955135527,
        0.0012389040015346041,
        0.001183820902497761,
        0.0011337298591949276,
        0.0010739100171414948,
        0.000996189168946653,
        0.0009011610591550324,
        0.0007966848346274049,
        0.0006937415908310703,
        0.0006021338226680166,
        0.0005279583089309226,
        0.00047305739977804024,
        0.0004355687720114307,
        0.000410967225967477,
        0.00039372811722539447,
        0.00037978989157335405,
        0.00036924627418553826,
        0.00036792300761950614,
        0.00038635394131415887,
        0.00043535546469520024,
        0.0005189455182411108,
        0.0006275589580052253,
        0.0007361454087048223,
        0.0008106400864386495,
        0.0008215713465250847
    ],
    "demtherm_avg": 76.80316991723086,
    "reptherm_avg": 20.40508978506436
}