{
    "x": [
        0.0,
        1.0,
        2.0,
        3.0,
        4.0,
        5.0,
        6.0,
        7.0,
        8.0,
        9.0,
        10.0,
        11.0,
        12.0,
        13.0,
        14.0,
        15.0,
        16.0,
        17.0,
        18.0,
        19.0,
        20.0,
        21.0,
        22.0,
        23.0,
        24.0,
        25.0,
        26.0,
        27.0,
        28.0,
        29.0,
        30.0,
        31.0,
        32.0,
        33.0,
        34.0,
        35.0,
        36.0,
        37.0,
        38.0,
        39.0,
        40.0,
        41.0,
        42.0,
        43.0,
        44.0,
        45.0,
        46.0,
        47.0,
        48.0,
        49.0,
        50.0,
        51.0,
        52.0,
        53.0,
        54.0,
        55.0,
        56.0,
        57.0,
        58.0,
        59.0,
        60.0,
        61.0,
        62.0,
        63.0,
        64.0,
        65.0,
        66.0,
        67.0,
        68.0,
        69.0,
        70.0,
        71.0,
        72.0,
        73.0,
        74.0,
        75.0,
        76.0,
        77.0,
        78.0,
        79.0,
        80.0,
        81.0,
        82.0,
        83.0,
        84.0,
        85.0,
        86.0,
        87.0,
        88.0,
        89.0,
        90.0,
        91.0,
        92.0,
        93.0,
        94.0,
        95.0,
        96.0,
        97.0,
        98.0,
        99.0,
        100.0
    ],
    "demtherm": [
        0.00048312594194276944,
        0.0004943760210147017,
        0.00047268035890242715,
        0.00043468211136323925,
        0.00040089676797866447,
        0.00038779526338938015,
        0.0004027859991334225,
        0.0004429752812804123,
        0.0004970309853601393,
        0.0005495142440177612,
        0.0005869317608732666,
        0.0006035428954157205,
        0.0006040897868235514,
        0.0006019008611082631,
        0.0006135664136772813,
        0.0006529748142787326,
        0.0007267095534829049,
        0.0008313730181085981,
        0.0009534285467847007,
        0.0010729126645010465,
        0.001171230855612174,
        0.0012398747596595546,
        0.0012847725670341143,
        0.0013233339115368932,
        0.0013763547972393618,
        0.0014596472016536043,
        0.0015783831961192422,
        0.001724241141254742,
        0.0018756243657461723,
        0.002003105958627952,
        0.002080904414314765,
        0.002099878553879234,
        0.0020740681065192093,
        0.0020362767945152826,
        0.0020256761198979268,
        0.0020742614260913007,
        0.002196615554245586,
        0.002384034741375726,
        0.002604640474153798,
        0.002813082158705313,
        0.0029706523841003278,
        0.003069057747616868,
        0.003146224856186526,
        0.00328565159193231,
        0.0035976690000392103,
        0.0041843760289318865,
        0.005091822748721142,
        0.006262274818772377,
        0.007514915618040324,
        0.008585365955618717,
        0.009224991687649097,
        0.009314087739625032,
        0.008921365628982643,
        0.008272889950842225,
        0.007653094540931865,
        0.007296571605256024,
        0.007317826677703495,
        0.007692189755211347,
        0.008280871122983738,
        0.008890862655718888,
        0.009354676951844464,
        0.009599362152603551,
        0.009670434491672758,
        0.009701076874276588,
        0.009851623340768055,
        0.01025410225626184,
        0.010975818880005097,
        0.01199668050177731,
        0.01320270646494949,
        0.014414559745490774,
        0.015457711051348622,
        0.016241036866292045,
        0.016790731298658282,
        0.01721939230112496,
        0.01766391439507665,
        0.018238381958257974,
        0.01900935109298043,
        0.019968935511909116,
        0.02100376425411132,
        0.021902439916458284,
        0.02243734789788831,
        0.02248777036928603,
        0.022116982537343545,
        0.021545841091494922,
        0.021049827521805398,
        0.02085290986061859,
        0.02106119786189564,
        0.021629691981479186,
        0.022354617703897593,
        0.022917611077262402,
        0.023005554287985765,
        0.022469244796773865,
        0.02142966807742496,
        0.020260343776519186,
        0.0194506781587216,
        0.019411948035467565,
        0.020290152299946237,
        0.02183932744681576,
        0.023420908613860265,
        0.024188701836624357,
        0.023432580224964143
    ],
    "reptherm": [
        0.04002353058308902,
        0.04166606616568758,
        0.04064590406007284,
        0.037653373243807346,
        0.033737889562622386,
        0.029902468965141694,
        0.026797626930285926,
        0.0246154170841596,
        0.023169707714685284,
        0.022082282177257478,
        0.02098448388490962,
        0.019664208520306314,
        0.018119253677510064,
        0.016516099088896407,
        0.015089409134935838,
        0.014034525018415706,
        0.013434842952741038,
        0.013240663718353599,
        0.01329524280109717,
        0.013393830993271117,
        0.01335567572176606,
        0.01308354133889051,
        0.012587393274905658,
        0.011964652633266688,
        0.011350981696501132,
        0.010866664707735221,
        0.010577887135108991,
        0.010479560914505918,
        0.010499585604656407,
        0.01052394664871661,
        0.010438623380218458,
        0.010174700402754762,
        0.009736418849825824,
        0.009198105264141854,
        0.008672344293967358,
        0.008265493501892478,
        0.008038859495047727,
        0.007987704347709559,
        0.008043651329314824,
        0.008101045262229024,
        0.008060755728727258,
        0.007875555455707782,
        0.007576508818446539,
        0.007266318947349522,
        0.007080701728942742,
        0.007132805253553351,
        0.007461527963414106,
        0.00800304227352623,
        0.008598931325136115,
        0.009043469964908454,
        0.009155870564866516,
        0.008847504854029936,
        0.008152127926263218,
        0.007205148191585083,
        0.0061857195840255225,
        0.005253201948652645,
        0.004506056441170624,
        0.003972884036813005,
        0.0036278093302728747,
        0.0034158456532789555,
        0.003276844291685781,
        0.003162290845702216,
        0.0030433053336103456,
        0.002910661544443275,
        0.0027693443034710217,
        0.0026308763396051017,
        0.0025060613215604774,
        0.0023997079112755572,
        0.002308328982270386,
        0.002221521168295925,
        0.0021266895838791865,
        0.0020149716217637507,
        0.0018851705469445353,
        0.0017436157648014303,
        0.0016005066906994048,
        0.001465302819565862,
        0.0013436208989741438,
        0.0012364803455861167,
        0.0011412911895476757,
        0.0010536212902206962,
        0.0009690813265907264,
        0.0008848706070659158,
        0.0008005506606833648,
        0.0007178416771816814,
        0.000639716631086531,
        0.0005693569309199901,
        0.0005093382683757102,
        0.0004610336219230922,
        0.0004241578866065827,
        0.00039668467538036135,
        0.0003755652664759904,
        0.00035835303367466126,
        0.00034511493352311237,
        0.000339455571933637,
        0.0003475788627401497,
        0.00037515333762267323,
        0.0004230174005643075,
        0.0004838634044968844,
        0.000542220177216089,
        0.0005787738887611715,
        0.0005776439573017505
    ],
    "demtherm_avg": 77.00837988151677,
    "reptherm_avg": 19.73010989387649
}