{
    "x": [
        0.0,
        1.0,
        2.0,
        3.0,
        4.0,
        5.0,
        6.0,
        7.0,
        8.0,
        9.0,
        10.0,
        11.0,
        12.0,
        13.0,
        14.0,
        15.0,
        16.0,
        17.0,
        18.0,
        19.0,
        20.0,
        21.0,
        22.0,
        23.0,
        24.0,
        25.0,
        26.0,
        27.0,
        28.0,
        29.0,
        30.0,
        31.0,
        32.0,
        33.0,
        34.0,
        35.0,
        36.0,
        37.0,
        38.0,
        39.0,
        40.0,
        41.0,
        42.0,
        43.0,
        44.0,
        45.0,
        46.0,
        47.0,
        48.0,
        49.0,
        50.0,
        51.0,
        52.0,
        53.0,
        54.0,
        55.0,
        56.0,
        57.0,
        58.0,
        59.0,
        60.0,
        61.0,
        62.0,
        63.0,
        64.0,
        65.0,
        66.0,
        67.0,
        68.0,
        69.0,
        70.0,
        71.0,
        72.0,
        73.0,
        74.0,
        75.0,
        76.0,
        77.0,
        78.0,
        79.0,
        80.0,
        81.0,
        82.0,
        83.0,
        84.0,
        85.0,
        86.0,
        87.0,
        88.0,
        89.0,
        90.0,
        91.0,
        92.0,
        93.0,
        94.0,
        95.0,
        96.0,
        97.0,
        98.0,
        99.0,
        100.0
    ],
    "demtherm": [
        0.0004826320001298936,
        0.0004966516055763883,
        0.0004786670582485597,
        0.0004449860731092197,
        0.0004155320838853949,
        0.00040620430042056756,
        0.0004241592323314689,
        0.00046655941862398743,
        0.0005220644170943396,
        0.0005748048192916695,
        0.0006105404216417157,
        0.0006230629946990134,
        0.0006175446861276464,
        0.0006087670225088227,
        0.0006153296372762659,
        0.0006529435095117416,
        0.0007291694775699876,
        0.0008403190544097083,
        0.0009711594894182253,
        0.0010989211308277509,
        0.001201964229382659,
        0.0012697516727126973,
        0.0013082170372383177,
        0.0013369423211766918,
        0.0013801853790628338,
        0.0014571082564202717,
        0.001574862161707435,
        0.0017250434275158282,
        0.0018839661559554373,
        0.0020189626335792503,
        0.0021013266070406306,
        0.0021207398843091424,
        0.002092352484656592,
        0.0020516420399300777,
        0.0020405297812422585,
        0.0020925202942029047,
        0.0022219087418195687,
        0.0024180734473121584,
        0.0026461926652936317,
        0.0028578458498851253,
        0.0030122271020119593,
        0.003100890374417586,
        0.003163948936219457,
        0.0032890798556997835,
        0.0035919570410790015,
        0.004180074893397241,
        0.00510330592598706,
        0.006303921520453492,
        0.007595472097749695,
        0.008702902377533173,
        0.009365829052061734,
        0.009457184802955883,
        0.009045935149499836,
        0.008364822878660914,
        0.007707180851890299,
        0.007314873159992263,
        0.007306558998526185,
        0.007658943917241937,
        0.008232673377632149,
        0.008833191088850655,
        0.009291750211493116,
        0.009535480877234994,
        0.009611082249914124,
        0.009652476405108742,
        0.009819014456640462,
        0.01024041169918393,
        0.010981773376043598,
        0.01202150875603705,
        0.013243990367031028,
        0.014467447193327945,
        0.01551527127158415,
        0.01629648906338335,
        0.016839653462875272,
        0.017259483479503197,
        0.017692699052477348,
        0.018251993754984118,
        0.019004355148820852,
        0.01994518204546431,
        0.020964632595444697,
        0.02185192427836929,
        0.02237742900742427,
        0.02241917028186454,
        0.022042042863319133,
        0.021469516843552913,
        0.0209771858637224,
        0.020785884952765735,
        0.02099807986249074,
        0.021567258775532283,
        0.02228983206632004,
        0.02284715878388863,
        0.02292500168061801,
        0.02237439625773447,
        0.02131989015590308,
        0.02014113412574946,
        0.019333681849610707,
        0.019313046777736296,
        0.020226471472548073,
        0.0218243424021631,
        0.02345733468072042,
        0.024262788101097978,
        0.02351594403329121
    ],
    "reptherm": [
        0.040264097151141924,
        0.041899875080351055,
        0.04081442752294895,
        0.03772741551458354,
        0.03372421710439477,
        0.029833022619829487,
        0.02671092492558026,
        0.024540890293682713,
        0.023120323420556164,
        0.022055293423848182,
        0.020967629054279173,
        0.019644021494289895,
        0.018087896901630977,
        0.016473899605077485,
        0.015042745915337647,
        0.013991444141796447,
        0.013401439791131006,
        0.01321957460990636,
        0.013285662869281007,
        0.013392189848052245,
        0.01335695083879282,
        0.01308340118577808,
        0.012584478938350255,
        0.01196166663065202,
        0.011353948229608841,
        0.010883023357280515,
        0.010614467120756003,
        0.010540753676750393,
        0.010585497891025636,
        0.010628884245153115,
        0.01055111858732616,
        0.010280003442678945,
        0.009820812941656083,
        0.009253042874939017,
        0.00869652913599297,
        0.008264344274293461,
        0.008021986575135049,
        0.007965411974363833,
        0.00802344488375187,
        0.008085198702237582,
        0.00804596142133892,
        0.007855010377301356,
        0.0075436215307016705,
        0.007218397870906626,
        0.007021099426107779,
        0.007070743222204009,
        0.007409557512794567,
        0.007972690315583269,
        0.008595859793153535,
        0.009064276482143314,
        0.009188532022973128,
        0.008875783106476758,
        0.008161873940256428,
        0.007189238298316842,
        0.006145387197418289,
        0.0051958901113809,
        0.0044416920589371,
        0.003910592264477526,
        0.003574048268426704,
        0.003373909737623868,
        0.003247271113801649,
        0.00314373420377269,
        0.0030335323797892532,
        0.00290739166644563,
        0.0027707572769849445,
        0.0026357772560323205,
        0.002513792380198333,
        0.002409902626489487,
        0.0023205943104673936,
        0.0022351704072533208,
        0.002140674544836762,
        0.0020280855375783956,
        0.0018964364864344887,
        0.0017526649574375812,
        0.0016077663409748287,
        0.0014719073286079674,
        0.0013510501376269419,
        0.0012460039356577681,
        0.0011533937453382123,
        0.0010676663365731408,
        0.0009834297501560162,
        0.000897454370844543,
        0.0008096369949345889,
        0.0007226140932095544,
        0.000640433816315709,
        0.0005671077868315698,
        0.0005055892367197728,
        0.00045717274369690174,
        0.00042115003104106606,
        0.00039488059954803667,
        0.0003746899560747775,
        0.0003576889472979216,
        0.00034384891271624964,
        0.00033708794407103534,
        0.00034424528251480747,
        0.0003717131193548019,
        0.00042082263532131444,
        0.0004842421802058487,
        0.00054586400384766,
        0.0005853321333093576,
        0.0005857801880952351
    ],
    "demtherm_avg": 76.93754360117477,
    "reptherm_avg": 19.72891972036149
}