{
    "x": [
        0.0,
        1.0,
        2.0,
        3.0,
        4.0,
        5.0,
        6.0,
        7.0,
        8.0,
        9.0,
        10.0,
        11.0,
        12.0,
        13.0,
        14.0,
        15.0,
        16.0,
        17.0,
        18.0,
        19.0,
        20.0,
        21.0,
        22.0,
        23.0,
        24.0,
        25.0,
        26.0,
        27.0,
        28.0,
        29.0,
        30.0,
        31.0,
        32.0,
        33.0,
        34.0,
        35.0,
        36.0,
        37.0,
        38.0,
        39.0,
        40.0,
        41.0,
        42.0,
        43.0,
        44.0,
        45.0,
        46.0,
        47.0,
        48.0,
        49.0,
        50.0,
        51.0,
        52.0,
        53.0,
        54.0,
        55.0,
        56.0,
        57.0,
        58.0,
        59.0,
        60.0,
        61.0,
        62.0,
        63.0,
        64.0,
        65.0,
        66.0,
        67.0,
        68.0,
        69.0,
        70.0,
        71.0,
        72.0,
        73.0,
        74.0,
        75.0,
        76.0,
        77.0,
        78.0,
        79.0,
        80.0,
        81.0,
        82.0,
        83.0,
        84.0,
        85.0,
        86.0,
        87.0,
        88.0,
        89.0,
        90.0,
        91.0,
        92.0,
        93.0,
        94.0,
        95.0,
        96.0,
        97.0,
        98.0,
        99.0,
        100.0
    ],
    "demtherm": [
        0.04079654239751817,
        0.04250749177472033,
        0.041003663583465834,
        0.037198924386693574,
        0.032474524125690206,
        0.028110557301075416,
        0.024887282480126702,
        0.02296958603736592,
        0.02202344418711644,
        0.02145878634655703,
        0.020705307346608744,
        0.019436603803948155,
        0.01766659602437977,
        0.0156900729611072,
        0.013916169159101642,
        0.012688699728423446,
        0.012166761005060703,
        0.012286869277490784,
        0.012796740942396752,
        0.013347318334817268,
        0.013621452795123641,
        0.013452499442023565,
        0.012875087693288566,
        0.01208320560501421,
        0.011327514710055914,
        0.010812741555731269,
        0.010635534158628054,
        0.010765586204036896,
        0.011059450800182159,
        0.011306496806942809,
        0.011306434411626652,
        0.01095409889427014,
        0.010287301676291709,
        0.009468646915696597,
        0.0087135920470385,
        0.008205861004550608,
        0.008035976280545592,
        0.008176125632689938,
        0.008491772169447645,
        0.00878927472790436,
        0.008891374785573185,
        0.008713820582504713,
        0.008306112902248178,
        0.007834922679178274,
        0.007519638730908513,
        0.00754879055279091,
        0.008004025515711373,
        0.008811067515688728,
        0.009738399421962456,
        0.010461783154052037,
        0.010685369378866869,
        0.010266960822679761,
        0.009277031352869426,
        0.00795633455712686,
        0.0066018701925547275,
        0.00545092515665933,
        0.00461889998052434,
        0.004101022305244713,
        0.003813354108698207,
        0.0036433890229913193,
        0.0034923483092647476,
        0.003301524180279304,
        0.0030595174357849766,
        0.00279165052873161,
        0.0025389613030726726,
        0.0023372702796163585,
        0.002203842952334953,
        0.0021334865823080945,
        0.0021025011147917604,
        0.0020782939253097864,
        0.0020317590638619055,
        0.0019477538803020055,
        0.0018288186351102403,
        0.001690766081623058,
        0.0015537003574920267,
        0.0014339645155828384,
        0.0013400724250113379,
        0.0012720580611537248,
        0.0012225809840007494,
        0.001179471976786138,
        0.0011301449599356156,
        0.0010668519027959135,
        0.0009900077990959682,
        0.000907409222307564,
        0.000829944822529627,
        0.0007665936211225869,
        0.0007212023890901062,
        0.000691683156950667,
        0.0006710693105064515,
        0.0006499720152903382,
        0.0006201956790299814,
        0.0005786435696371846,
        0.0005298240556249424,
        0.00048545458203377005,
        0.0004608761680659095,
        0.0004691923360347865,
        0.0005147300513762707,
        0.0005881121371370077,
        0.0006659575700989103,
        0.0007174583412294385,
        0.0007165289545488874
    ],
    "reptherm": [
        0.0005612449651261038,
        0.0006039779927620258,
        0.0006043693560362632,
        0.0005796724053106511,
        0.0005537300477527057,
        0.000546620469005869,
        0.0005683569764453999,
        0.0006164763513957723,
        0.0006761647525201199,
        0.000724339116562728,
        0.0007393048282807436,
        0.0007125155445417706,
        0.0006546234139955859,
        0.0005911767973547026,
        0.0005514374630115367,
        0.0005577488594320527,
        0.0006191973844705099,
        0.000728501116500529,
        0.0008620275191229801,
        0.0009866040210079277,
        0.001074550139201832,
        0.0011193279265654815,
        0.001139541444889477,
        0.0011675929782693343,
        0.0012332272105792874,
        0.0013545540193496792,
        0.0015368407633212244,
        0.0017693988638113793,
        0.002018139310219909,
        0.002226485104742149,
        0.0023370050625875012,
        0.0023253820681262047,
        0.0022209029152431936,
        0.002096608781811469,
        0.0020382916413873853,
        0.002114149030905582,
        0.002355000872663535,
        0.0027406136170266154,
        0.003193240663516312,
        0.0035941106109950356,
        0.003832650361721095,
        0.0038682857612299055,
        0.0037651910394145014,
        0.0036792957491246633,
        0.0038130844231009722,
        0.004361648010656851,
        0.005448685324734706,
        0.007043694505726778,
        0.008894871120871659,
        0.010557975374043653,
        0.011564811667064604,
        0.01165586045600925,
        0.010918962558614975,
        0.009735855995744683,
        0.00859017629647919,
        0.007876438237102728,
        0.0077973026623338534,
        0.008337845693507064,
        0.00928106238335704,
        0.010273046028868969,
        0.010957624679814093,
        0.011137364219544426,
        0.010862146469167288,
        0.010387211984885293,
        0.010045604940075614,
        0.010127085538243139,
        0.01080333126473014,
        0.012075965253883913,
        0.01374207763544285,
        0.01543266117362703,
        0.01676407158184458,
        0.017531000278383918,
        0.017795486433231252,
        0.017807906989317217,
        0.017854709687003208,
        0.018169665522218985,
        0.018920470388335744,
        0.020167553739733293,
        0.021756538743322503,
        0.02326761284501405,
        0.024164482322318027,
        0.024094053238524475,
        0.02310476621591863,
        0.021608921457672795,
        0.020150418587010263,
        0.019178190221524886,
        0.018936132195805568,
        0.019424519026197042,
        0.020375568754352005,
        0.021293014385158175,
        0.021634108209238362,
        0.021084073546030438,
        0.01974398547620089,
        0.018098945895959707,
        0.01680679505205508,
        0.016445040106389572,
        0.01729516828031396,
        0.019170598941851597,
        0.021346619510791167,
        0.022735175793954454,
        0.02235148409171895
    ],
    "demtherm_avg": 20.74498781662962,
    "reptherm_avg": 75.45231569935352
}