{
    "x": [
        0.0,
        1.0,
        2.0,
        3.0,
        4.0,
        5.0,
        6.0,
        7.0,
        8.0,
        9.0,
        10.0,
        11.0,
        12.0,
        13.0,
        14.0,
        15.0,
        16.0,
        17.0,
        18.0,
        19.0,
        20.0,
        21.0,
        22.0,
        23.0,
        24.0,
        25.0,
        26.0,
        27.0,
        28.0,
        29.0,
        30.0,
        31.0,
        32.0,
        33.0,
        34.0,
        35.0,
        36.0,
        37.0,
        38.0,
        39.0,
        40.0,
        41.0,
        42.0,
        43.0,
        44.0,
        45.0,
        46.0,
        47.0,
        48.0,
        49.0,
        50.0,
        51.0,
        52.0,
        53.0,
        54.0,
        55.0,
        56.0,
        57.0,
        58.0,
        59.0,
        60.0,
        61.0,
        62.0,
        63.0,
        64.0,
        65.0,
        66.0,
        67.0,
        68.0,
        69.0,
        70.0,
        71.0,
        72.0,
        73.0,
        74.0,
        75.0,
        76.0,
        77.0,
        78.0,
        79.0,
        80.0,
        81.0,
        82.0,
        83.0,
        84.0,
        85.0,
        86.0,
        87.0,
        88.0,
        89.0,
        90.0,
        91.0,
        92.0,
        93.0,
        94.0,
        95.0,
        96.0,
        97.0,
        98.0,
        99.0,
        100.0
    ],
    "demtherm": [
        0.00046671672448449474,
        0.0004975703201943572,
        0.0004985031183989309,
        0.00048488218707391946,
        0.00047468315297036613,
        0.00048185937186907347,
        0.0005134504240708526,
        0.0005681495983001861,
        0.0006350545634012073,
        0.000695403457983524,
        0.0007300786912241291,
        0.0007299434790013861,
        0.0007015395837619118,
        0.0006637701659420712,
        0.0006389459927486917,
        0.000645012214558422,
        0.0006916449182248381,
        0.0007778355471745136,
        0.0008897723583600805,
        0.001002865426769936,
        0.0010916940263634015,
        0.0011439087790746046,
        0.0011676937333273,
        0.001186711020439593,
        0.001227724040244305,
        0.0013108369039649813,
        0.001445263856421741,
        0.001625647849342662,
        0.0018272597904774879,
        0.0020080462663036747,
        0.0021250894865775774,
        0.002158626000670615,
        0.002125339210655976,
        0.002070377464511126,
        0.0020464924439145904,
        0.002096109511860796,
        0.00224128275022072,
        0.002475459954007586,
        0.0027565245176337716,
        0.00301345434320365,
        0.003176326875492995,
        0.003218378748913818,
        0.0031838062386775976,
        0.00318552606384587,
        0.0033790466741418336,
        0.003922328269235759,
        0.004917047496174726,
        0.006330108870536551,
        0.00793451507289114,
        0.00934168864398539,
        0.010156323025914783,
        0.010178699207486307,
        0.009514214636011927,
        0.008511661463976692,
        0.007587276008201779,
        0.007060798599540179,
        0.0070765430484549365,
        0.0075941589439346546,
        0.008414512312021963,
        0.009244972443866692,
        0.009815750035321778,
        0.010005061999713495,
        0.009890906536685418,
        0.009693119750714872,
        0.009660454722948372,
        0.009986084330553775,
        0.010772125687378857,
        0.012002395426883491,
        0.01350999643027449,
        0.01499691988230751,
        0.0161548188567514,
        0.0168287809672922,
        0.017091311107138994,
        0.017167082299448393,
        0.017296306671381486,
        0.017662059299593004,
        0.018389167674532615,
        0.019516632137283545,
        0.020907701396054527,
        0.0222099833848996,
        0.022990233135255275,
        0.02299057934194054,
        0.022295686251267304,
        0.021270677092736084,
        0.020350357036053677,
        0.019866819566483347,
        0.019990583365573904,
        0.020709853345694505,
        0.021787750422169495,
        0.022770490504976128,
        0.023150412261569046,
        0.022639429772519253,
        0.02136098841758982,
        0.01981642952041131,
        0.01866932660188812,
        0.018492991563709107,
        0.019557020749579535,
        0.021649352625999915,
        0.023994816432200413,
        0.025432428898964576,
        0.024912159075735928
    ],
    "reptherm": [
        0.04057318205669057,
        0.042155588078419494,
        0.04064459443494671,
        0.03699062627513618,
        0.032550594500667704,
        0.028525820485626203,
        0.02559760837618302,
        0.023855697653594563,
        0.022945771959582254,
        0.022315787687487973,
        0.021467987000341734,
        0.020145659033657008,
        0.018397421672613982,
        0.016504946250434353,
        0.014826338219844346,
        0.013642184515870662,
        0.013065243025371442,
        0.013022712840928359,
        0.013293265902068052,
        0.013584653285075833,
        0.01363733758935785,
        0.013319669465475427,
        0.012668252752890043,
        0.011852523247285536,
        0.011089657621404595,
        0.010559639018535764,
        0.010352256675385196,
        0.010447091356566933,
        0.010719494955399091,
        0.010976608389857454,
        0.011026046724570061,
        0.01075524460658009,
        0.010179364348836711,
        0.009429584577968305,
        0.00869239594453132,
        0.008136883200860251,
        0.007860773866087025,
        0.007864616348806749,
        0.008053591946619792,
        0.008269596239009518,
        0.008352557285060385,
        0.00821151997482715,
        0.007870935660067219,
        0.007466413044919338,
        0.007191895010230045,
        0.007222331297243919,
        0.007639198844106039,
        0.00838111416381992,
        0.009240576223437864,
        0.009922452380803644,
        0.010154151625562153,
        0.009799487288769424,
        0.008913184406390119,
        0.007704822308462576,
        0.006438840924260194,
        0.0053325950183697466,
        0.004501495615648056,
        0.0039591596278500864,
        0.0036498124634525135,
        0.0034870796146825164,
        0.00338575681775361,
        0.003283029859868373,
        0.0031481682542845346,
        0.0029807300228678127,
        0.002800303546577389,
        0.0026331185950000174,
        0.0024999309192735544,
        0.002407393768695302,
        0.002344650709403961,
        0.002287204929109395,
        0.002207928316819266,
        0.002090301696987422,
        0.0019362032999656186,
        0.0017636474961281626,
        0.0015967533091929447,
        0.0014547841742953626,
        0.0013458955692984352,
        0.0012666933889182135,
        0.001205543828249124,
        0.0011474646432738979,
        0.0010793813766157556,
        0.0009945290989773134,
        0.0008943297090354645,
        0.000786816731155631,
        0.0006826356970167369,
        0.0005910014856733666,
        0.0005174260030772716,
        0.00046332908265292114,
        0.0004266210041892297,
        0.00040268648597870056,
        0.0003859688341604768,
        0.00037238413747444705,
        0.0003620105153984232,
        0.0003606964116609948,
        0.00037907996663333863,
        0.00042817901158672566,
        0.0005122479668248089,
        0.0006218439230616062,
        0.0007317757328473508,
        0.0008075762112192752,
        0.0008193259587024821
    ],
    "demtherm_avg": 76.79470099221734,
    "reptherm_avg": 20.41257563129468
}