{
    "x": [
        0.0,
        1.0,
        2.0,
        3.0,
        4.0,
        5.0,
        6.0,
        7.0,
        8.0,
        9.0,
        10.0,
        11.0,
        12.0,
        13.0,
        14.0,
        15.0,
        16.0,
        17.0,
        18.0,
        19.0,
        20.0,
        21.0,
        22.0,
        23.0,
        24.0,
        25.0,
        26.0,
        27.0,
        28.0,
        29.0,
        30.0,
        31.0,
        32.0,
        33.0,
        34.0,
        35.0,
        36.0,
        37.0,
        38.0,
        39.0,
        40.0,
        41.0,
        42.0,
        43.0,
        44.0,
        45.0,
        46.0,
        47.0,
        48.0,
        49.0,
        50.0,
        51.0,
        52.0,
        53.0,
        54.0,
        55.0,
        56.0,
        57.0,
        58.0,
        59.0,
        60.0,
        61.0,
        62.0,
        63.0,
        64.0,
        65.0,
        66.0,
        67.0,
        68.0,
        69.0,
        70.0,
        71.0,
        72.0,
        73.0,
        74.0,
        75.0,
        76.0,
        77.0,
        78.0,
        79.0,
        80.0,
        81.0,
        82.0,
        83.0,
        84.0,
        85.0,
        86.0,
        87.0,
        88.0,
        89.0,
        90.0,
        91.0,
        92.0,
        93.0,
        94.0,
        95.0,
        96.0,
        97.0,
        98.0,
        99.0,
        100.0
    ],
    "demtherm": [
        0.04053717074815176,
        0.04225244448250345,
        0.04129381094038592,
        0.038284645646051364,
        0.03423300461641945,
        0.030154418847355226,
        0.02676038120767729,
        0.024319671010133898,
        0.022701829847242998,
        0.021542950544173545,
        0.02044962792992142,
        0.019164380443485046,
        0.01764234205267206,
        0.016028081007953963,
        0.014561196373529671,
        0.01346180183152986,
        0.01284290210765216,
        0.012674894033592498,
        0.012804667322902651,
        0.013016283373282676,
        0.013109895426229125,
        0.012969323583346423,
        0.012592080609371474,
        0.012072386873498488,
        0.011549992931471667,
        0.011150716641381767,
        0.010941586790636164,
        0.010911512586949404,
        0.010978754828580291,
        0.011021864878796524,
        0.010925810035524992,
        0.010627514291092837,
        0.010141417407292864,
        0.009552945260934208,
        0.008983410433418243,
        0.008542986456604885,
        0.008291092203016064,
        0.008217500932296054,
        0.00824925772585725,
        0.008281123567089346,
        0.008219777272750972,
        0.008025209173908105,
        0.007731468506949476,
        0.00743662151817676,
        0.007265033464107105,
        0.007316183460875077,
        0.0076185382072912694,
        0.008105582905480784,
        0.008625823205560653,
        0.00898830616942581,
        0.009029695788902288,
        0.008674986534842917,
        0.007963063115670577,
        0.007025283229370498,
        0.0060303982247501145,
        0.005125032138714684,
        0.004395767057636623,
        0.0038621395430198453,
        0.003493386515533502,
        0.0032349298226780894,
        0.0030327688557737413,
        0.0028493664984616937,
        0.002669167856056786,
        0.002495032034705647,
        0.00233910300623862,
        0.0022126791459425002,
        0.0021189701880527643,
        0.002050738226708014,
        0.001992812314860045,
        0.0019279705684431632,
        0.0018436933829939208,
        0.001736933028235346,
        0.001614809761681085,
        0.0014910803090416168,
        0.0013803069353872414,
        0.0012924858471283019,
        0.0012300699792216435,
        0.0011878078460794482,
        0.0011548345183353204,
        0.0011182297254660432,
        0.0010671601155016167,
        0.0009963682786777877,
        0.000907638348646212,
        0.0008085835283184957,
        0.0007094354196006636,
        0.0006194601331510844,
        0.0005444784078487989,
        0.0004860527014318433,
        0.00044210249068743983,
        0.0004084650044504166,
        0.00038095468744977644,
        0.00035738208850925597,
        0.0003388056353089815,
        0.00032935350422745786,
        0.00033441868908776803,
        0.0003576950657803154,
        0.00039810468696290896,
        0.00044799701011260086,
        0.0004938803374792385,
        0.0005201006713702364,
        0.000514372349082711
    ],
    "reptherm": [
        0.0004958242982376622,
        0.0005404284910898456,
        0.0005563205228105319,
        0.000550982175341571,
        0.0005374836504768174,
        0.0005292160765641171,
        0.0005349479495191486,
        0.0005558274007219254,
        0.000585229584836364,
        0.0006117661190645376,
        0.0006247580005490815,
        0.0006200176807190178,
        0.0006030502502717218,
        0.0005878363565756721,
        0.0005916780446988452,
        0.0006284532287699303,
        0.000702983266635306,
        0.0008085529153378851,
        0.0009287640189715147,
        0.0010437078629165221,
        0.0011384346487187307,
        0.0012097774238106402,
        0.0012678221236595286,
        0.001331356125793412,
        0.001420100879145976,
        0.0015473188959738975,
        0.0017144551213273949,
        0.0019080484431159342,
        0.0021002949516841975,
        0.002255994623741315,
        0.0023462477469800465,
        0.002363584375599141,
        0.002329750143701523,
        0.00229057208618188,
        0.0022998713123883754,
        0.0023997246347507656,
        0.002604334857703298,
        0.0028922799180277517,
        0.0032105781870984933,
        0.003492621643697799,
        0.0036870917994291943,
        0.0037875847336866077,
        0.0038492056528464493,
        0.003982840852045994,
        0.004326315090076774,
        0.0049978487999450885,
        0.006041452820059417,
        0.007381516928344637,
        0.008812839393896503,
        0.010048470959903535,
        0.0108202448844198,
        0.010988872330291267,
        0.010604528286858502,
        0.00988449801724135,
        0.009123767531961511,
        0.008587737568551945,
        0.008432426986421656,
        0.008671714125049686,
        0.009190828205230938,
        0.009798305482913024,
        0.010302647785998804,
        0.010588145188057566,
        0.010658498221416401,
        0.010630139413864398,
        0.01068271040274198,
        0.010991183092287133,
        0.011663203597826475,
        0.012697553861078502,
        0.013977228134639648,
        0.015307232226881667,
        0.016489333205653326,
        0.017399837266824602,
        0.018029041079069094,
        0.018466635935460184,
        0.018853396316367534,
        0.01932961360439966,
        0.019990729732634778,
        0.020844801743737512,
        0.021781004836123965,
        0.02258228481412217,
        0.02300480681568048,
        0.02289633670566561,
        0.022283425758221818,
        0.021370980962827545,
        0.02045704144235516,
        0.01981438564283156,
        0.019592817751456906,
        0.01976943748793993,
        0.020155645055442956,
        0.020464693297803725,
        0.020429147514836418,
        0.0199265436938361,
        0.01905182527759073,
        0.01809486905167147,
        0.01742945150705881,
        0.0173582047207974,
        0.017967594802268814,
        0.0190429870802176,
        0.020089963475408486,
        0.02048620953120123,
        0.019726903256268774
    ],
    "demtherm_avg": 19.43527650246691,
    "reptherm_avg": 75.16219551304255
}