{
    "x": [
        0.0,
        1.0,
        2.0,
        3.0,
        4.0,
        5.0,
        6.0,
        7.0,
        8.0,
        9.0,
        10.0,
        11.0,
        12.0,
        13.0,
        14.0,
        15.0,
        16.0,
        17.0,
        18.0,
        19.0,
        20.0,
        21.0,
        22.0,
        23.0,
        24.0,
        25.0,
        26.0,
        27.0,
        28.0,
        29.0,
        30.0,
        31.0,
        32.0,
        33.0,
        34.0,
        35.0,
        36.0,
        37.0,
        38.0,
        39.0,
        40.0,
        41.0,
        42.0,
        43.0,
        44.0,
        45.0,
        46.0,
        47.0,
        48.0,
        49.0,
        50.0,
        51.0,
        52.0,
        53.0,
        54.0,
        55.0,
        56.0,
        57.0,
        58.0,
        59.0,
        60.0,
        61.0,
        62.0,
        63.0,
        64.0,
        65.0,
        66.0,
        67.0,
        68.0,
        69.0,
        70.0,
        71.0,
        72.0,
        73.0,
        74.0,
        75.0,
        76.0,
        77.0,
        78.0,
        79.0,
        80.0,
        81.0,
        82.0,
        83.0,
        84.0,
        85.0,
        86.0,
        87.0,
        88.0,
        89.0,
        90.0,
        91.0,
        92.0,
        93.0,
        94.0,
        95.0,
        96.0,
        97.0,
        98.0,
        99.0,
        100.0
    ],
    "demtherm": [
        0.041214673253380164,
        0.04293142346958266,
        0.04173044440538915,
        0.03834918549951702,
        0.03394976338607348,
        0.029667471663761665,
        0.02625719498079589,
        0.02395511616377142,
        0.0225497941215908,
        0.021584200620156164,
        0.02059340825964478,
        0.019293325905512217,
        0.01766234093949226,
        0.0159024940935817,
        0.014317629296366565,
        0.013174178443981204,
        0.012600864216342446,
        0.012552398757346888,
        0.01283573062967858,
        0.01318402794523036,
        0.01335370146903203,
        0.01320904793754256,
        0.012759272156191695,
        0.012134060509857828,
        0.011515727302696923,
        0.011063923999740564,
        0.010861909104785204,
        0.010894672362625575,
        0.011057916964899387,
        0.011195253917339412,
        0.011156598460948297,
        0.010858499526702163,
        0.010318914132824571,
        0.009648407027049456,
        0.009003063302258266,
        0.008523122366290183,
        0.00828306196331965,
        0.008268500182234602,
        0.00838474173273676,
        0.008494608740681931,
        0.008474738791899746,
        0.008269449834709421,
        0.007918103141618376,
        0.0075424650228998556,
        0.0072993305372134895,
        0.007317633474506373,
        0.007642182417592223,
        0.008202764012468796,
        0.008822728175532757,
        0.009271862195210414,
        0.009349518662884958,
        0.00896302869265242,
        0.008161858907742618,
        0.007109877178375064,
        0.006013445332924477,
        0.0050454155164279665,
        0.004299597151400938,
        0.0037860171034026957,
        0.003455328289982134,
        0.0032334750918492933,
        0.003052248454034527,
        0.002868523836011395,
        0.0026700241444647613,
        0.0024690866198715283,
        0.0022891668123913673,
        0.0021505048457653485,
        0.002060290730056221,
        0.0020097389480885327,
        0.001977745503285489,
        0.0019390931189499762,
        0.0018740204149373808,
        0.0017753132869142438,
        0.001649859667286852,
        0.0015142627862619218,
        0.0013871876304069946,
        0.001282351706528581,
        0.0012047575612740163,
        0.001150471018040358,
        0.0011089546331078959,
        0.0010669698421066868,
        0.0010131820897813346,
        0.0009421221270501718,
        0.0008558200827620709,
        0.0007622801967155512,
        0.000671715654818967,
        0.0005926338538006598,
        0.0005294826971311188,
        0.00048223798122634545,
        0.00044736382442335125,
        0.0004195475241926,
        0.00039389680876639166,
        0.0003681852471430561,
        0.00034433459459425167,
        0.0003282494438671371,
        0.00032765465640875675,
        0.0003484294303058399,
        0.0003906818909436841,
        0.00044628299331693873,
        0.0004995408053638136,
        0.0005316935934391698,
        0.0005278906868867836
    ],
    "reptherm": [
        0.0004994717027273795,
        0.0005461164023262126,
        0.0005635095329008523,
        0.0005610250835531449,
        0.0005540289366441604,
        0.0005574724176300213,
        0.0005799452279968712,
        0.0006201183142730559,
        0.000666824430222479,
        0.0007033926910250096,
        0.0007152708155047695,
        0.0006976919145599835,
        0.0006592532273889934,
        0.0006192827360282944,
        0.0006004567319093381,
        0.0006203437796758393,
        0.0006851322565401024,
        0.0007872691978776249,
        0.0009078412708432553,
        0.0010237579106633797,
        0.0011176790268070996,
        0.0011859932577212783,
        0.001240197146799793,
        0.0013010960470162336,
        0.0013899119899865183,
        0.0015208681074827728,
        0.0016962500174371826,
        0.001902716985631676,
        0.002110217760768582,
        0.0022782832260696143,
        0.002371900247105265,
        0.00238070409204924,
        0.0023295019306301228,
        0.002272333558477618,
        0.0022728868345796615,
        0.0023810102056680198,
        0.002613879726446314,
        0.00294643625370592,
        0.003314921667916548,
        0.0036371773855109622,
        0.0038473243542852236,
        0.003931813825891234,
        0.003948989168474809,
        0.004021662929680491,
        0.004304658542061044,
        0.004935198190729848,
        0.005974149918366748,
        0.007352574429354343,
        0.008852698515168773,
        0.010155009919560481,
        0.010952633350427668,
        0.011083409555196662,
        0.01060469976882387,
        0.009766977889297783,
        0.008906821194936302,
        0.008322058042735931,
        0.008182873484764904,
        0.008496970118648233,
        0.009124359707437784,
        0.009835306066639354,
        0.010400290313478625,
        0.010682411232831661,
        0.010690715586759969,
        0.010570082780826644,
        0.010539105419864438,
        0.01080899407231773,
        0.01151052348162715,
        0.012643193134984668,
        0.014062053506075556,
        0.015520852900156704,
        0.016768316404081742,
        0.0176531637044273,
        0.01817697683070731,
        0.018470190546644175,
        0.018722627969134605,
        0.019116536844437388,
        0.019776412209614964,
        0.020720177073248757,
        0.021816428588294235,
        0.022793315857712226,
        0.023336569227990808,
        0.02324343412081167,
        0.02253691097733624,
        0.021463686024174172,
        0.02038368767216012,
        0.019624526297524446,
        0.019368617234536187,
        0.0195976052764208,
        0.02009691327855532,
        0.020527967916700845,
        0.020564406235658778,
        0.02004552509239412,
        0.019068199228425054,
        0.017962864943379307,
        0.017164098316346736,
        0.017033418641609257,
        0.017694788519955595,
        0.018932029131930962,
        0.020199719073245047,
        0.020787083741486436,
        0.020104258357186967
    ],
    "demtherm_avg": 19.544463028856853,
    "reptherm_avg": 75.10343086012466
}