{
    "x": [
        0.0,
        1.0,
        2.0,
        3.0,
        4.0,
        5.0,
        6.0,
        7.0,
        8.0,
        9.0,
        10.0,
        11.0,
        12.0,
        13.0,
        14.0,
        15.0,
        16.0,
        17.0,
        18.0,
        19.0,
        20.0,
        21.0,
        22.0,
        23.0,
        24.0,
        25.0,
        26.0,
        27.0,
        28.0,
        29.0,
        30.0,
        31.0,
        32.0,
        33.0,
        34.0,
        35.0,
        36.0,
        37.0,
        38.0,
        39.0,
        40.0,
        41.0,
        42.0,
        43.0,
        44.0,
        45.0,
        46.0,
        47.0,
        48.0,
        49.0,
        50.0,
        51.0,
        52.0,
        53.0,
        54.0,
        55.0,
        56.0,
        57.0,
        58.0,
        59.0,
        60.0,
        61.0,
        62.0,
        63.0,
        64.0,
        65.0,
        66.0,
        67.0,
        68.0,
        69.0,
        70.0,
        71.0,
        72.0,
        73.0,
        74.0,
        75.0,
        76.0,
        77.0,
        78.0,
        79.0,
        80.0,
        81.0,
        82.0,
        83.0,
        84.0,
        85.0,
        86.0,
        87.0,
        88.0,
        89.0,
        90.0,
        91.0,
        92.0,
        93.0,
        94.0,
        95.0,
        96.0,
        97.0,
        98.0,
        99.0,
        100.0
    ],
    "demtherm": [
        0.0004431274192011146,
        0.0004571462816462159,
        0.0004428449247460601,
        0.00041408152500357946,
        0.0003880697128580332,
        0.0003787101710856614,
        0.0003923125399871622,
        0.00042658322337941774,
        0.0004723311314714489,
        0.0005172032735982425,
        0.0005506902122181001,
        0.0005688279840769843,
        0.0005764135972270388,
        0.0005854682148403638,
        0.000610727922044217,
        0.0006642565530436198,
        0.0007509306785131498,
        0.00086571293537692,
        0.0009937053458255116,
        0.0011142683991316163,
        0.0012090510261769504,
        0.0012706432540839795,
        0.001306791817924199,
        0.001337345189477237,
        0.0013857744881502002,
        0.00146985520352109,
        0.001594919232836298,
        0.001750691935461091,
        0.0019123965959947384,
        0.0020476005127679363,
        0.0021285589686068805,
        0.002145282711987223,
        0.0021119543478218465,
        0.0020626009402936302,
        0.002038587955173078,
        0.0020742600022209206,
        0.0021856192980629252,
        0.00236419993189185,
        0.0025781335346154416,
        0.0027829925924158084,
        0.0029419173541194773,
        0.003048162890217773,
        0.003139507829953081,
        0.0032968328940911856,
        0.003625108125997311,
        0.004218638290955955,
        0.00511540066259384,
        0.006254139677595566,
        0.00746017467943831,
        0.008485119328279538,
        0.009098688375648513,
        0.00919084742578946,
        0.00882530080064875,
        0.00821220213774349,
        0.007618947478929424,
        0.007269893505289067,
        0.007278206189047043,
        0.0076249574382201285,
        0.008181501122118686,
        0.00876605044727288,
        0.009218814857255085,
        0.009467285608399332,
        0.009550946495497415,
        0.009595719595852295,
        0.009758104938635022,
        0.010169320417187393,
        0.010895316275537067,
        0.011913366767498608,
        0.013109660478383637,
        0.014311408909115416,
        0.015354171710078465,
        0.016153014985063583,
        0.016732351197522588,
        0.01719827483848807,
        0.017681773657512792,
        0.01829196749205806,
        0.019088134072515493,
        0.020054039366720164,
        0.021075209851344933,
        0.02195290918480088,
        0.022480456923675396,
        0.02255117273393048,
        0.022224479446283415,
        0.021702427292181803,
        0.021238736705080623,
        0.02104180609222777,
        0.021210393339950995,
        0.021701041821655172,
        0.0223240299286687,
        0.02278891607635101,
        0.022815962566324666,
        0.022278909340711802,
        0.02129958874915448,
        0.020230987005216073,
        0.019530010157471675,
        0.01957326818544809,
        0.02047857549360853,
        0.02198961405818307,
        0.02348645659793897,
        0.02416865588997268,
        0.0233760038539901
    ],
    "reptherm": [
        0.03987715143362843,
        0.041541460442015635,
        0.0406163085708121,
        0.03775515277485795,
        0.03396078165114458,
        0.030202082351245073,
        0.027118588937532856,
        0.02491157954427905,
        0.023414499296709888,
        0.022269545299264618,
        0.021123236378485212,
        0.01977077926758087,
        0.01820967394272025,
        0.01660092764546305,
        0.015171756792022806,
        0.014110576466194671,
        0.013495941826995428,
        0.01327678389511736,
        0.013299675369956883,
        0.013367485016511345,
        0.013308248320037672,
        0.013030039464835965,
        0.012541608109616598,
        0.011933355331783158,
        0.01133184557163485,
        0.01085028308913984,
        0.01055231240668588,
        0.010435561036851095,
        0.01043516353459881,
        0.010446527698471195,
        0.010363376459140074,
        0.01011896885321487,
        0.009712724725693839,
        0.009209450471108445,
        0.008712100892195224,
        0.008321174883477254,
        0.00809705691134934,
        0.00803777210182313,
        0.00807934817066629,
        0.008120544260647336,
        0.00806563031331573,
        0.007869186272754165,
        0.00756240030155681,
        0.007246856609680075,
        0.007056611803108431,
        0.007103282249269074,
        0.007425077161888491,
        0.007959218396584769,
        0.00855060075128213,
        0.008998107146278201,
        0.009124061114570077,
        0.008838334561175562,
        0.008167642191493626,
        0.007237305243517917,
        0.006217903078315448,
        0.005265492164167887,
        0.004481447139804083,
        0.003901751054462618,
        0.0035094738577708387,
        0.0032575318603314373,
        0.003090974482476961,
        0.0029631500444895096,
        0.00284405240276063,
        0.0027214619536783313,
        0.002596896413921516,
        0.002478960716438674,
        0.0023763879950583254,
        0.002292498288982117,
        0.0022225309852149724,
        0.002154904496945754,
        0.0020760920521177115,
        0.001976770100806769,
        0.001855847954344542,
        0.0017202146482810346,
        0.001580811973510739,
        0.0014477407403919746,
        0.001327021064541391,
        0.001219914241719933,
        0.0011241086426267573,
        0.0010356212108636421,
        0.0009506315849010454,
        0.0008668321965119276,
        0.0007840084742630233,
        0.0007037623105471063,
        0.000628669697430007,
        0.0005613863843473837,
        0.0005040173160784294,
        0.0004576895843314533,
        0.0004221861152220266,
        0.00039579680620214694,
        0.00037580264895465244,
        0.0003597900613431624,
        0.00034734641833849113,
        0.00034111124836776446,
        0.000346153771315469,
        0.0003673625633181819,
        0.0004056972781453994,
        0.00045518619211350946,
        0.0005027460755949918,
        0.000531785784749569,
        0.0005284426387823193
    ],
    "demtherm_avg": 77.08804320075555,
    "reptherm_avg": 19.551706174011642
}