{
    "x": [
        0.0,
        1.0,
        2.0,
        3.0,
        4.0,
        5.0,
        6.0,
        7.0,
        8.0,
        9.0,
        10.0,
        11.0,
        12.0,
        13.0,
        14.0,
        15.0,
        16.0,
        17.0,
        18.0,
        19.0,
        20.0,
        21.0,
        22.0,
        23.0,
        24.0,
        25.0,
        26.0,
        27.0,
        28.0,
        29.0,
        30.0,
        31.0,
        32.0,
        33.0,
        34.0,
        35.0,
        36.0,
        37.0,
        38.0,
        39.0,
        40.0,
        41.0,
        42.0,
        43.0,
        44.0,
        45.0,
        46.0,
        47.0,
        48.0,
        49.0,
        50.0,
        51.0,
        52.0,
        53.0,
        54.0,
        55.0,
        56.0,
        57.0,
        58.0,
        59.0,
        60.0,
        61.0,
        62.0,
        63.0,
        64.0,
        65.0,
        66.0,
        67.0,
        68.0,
        69.0,
        70.0,
        71.0,
        72.0,
        73.0,
        74.0,
        75.0,
        76.0,
        77.0,
        78.0,
        79.0,
        80.0,
        81.0,
        82.0,
        83.0,
        84.0,
        85.0,
        86.0,
        87.0,
        88.0,
        89.0,
        90.0,
        91.0,
        92.0,
        93.0,
        94.0,
        95.0,
        96.0,
        97.0,
        98.0,
        99.0,
        100.0
    ],
    "demtherm": [
        0.04095393449265467,
        0.04267634212460546,
        0.04128876842850024,
        0.03763673957751391,
        0.03301842525495421,
        0.028660293406089648,
        0.025334864080722178,
        0.023236803796797247,
        0.02208351648969605,
        0.02134294821995715,
        0.02049258911990896,
        0.01922599250427088,
        0.017540793414363258,
        0.015687977179826316,
        0.014026103444240394,
        0.012860973790835306,
        0.012335738534745466,
        0.012394135190168461,
        0.012810870800268348,
        0.013275348802871139,
        0.013505832412384617,
        0.0133522815522686,
        0.012840174553816811,
        0.012135602115668971,
        0.011457685033941312,
        0.010988295679803972,
        0.010814376249387149,
        0.010908770104750987,
        0.01114291987013798,
        0.011329611088599463,
        0.011292109098204465,
        0.010937657070427867,
        0.010298862987094318,
        0.00951913602058439,
        0.008791415778049578,
        0.008283422973695106,
        0.008080432426166587,
        0.008159924143655056,
        0.008401284676054247,
        0.008629942412363747,
        0.008686624397237693,
        0.00849652779472261,
        0.00810568788768002,
        0.0076658221193542705,
        0.007375513799721315,
        0.007403166936865234,
        0.007817334063857574,
        0.008544279228234527,
        0.009371142549123777,
        0.010007108540398565,
        0.01019065617591074,
        0.009796910317657916,
        0.008886983149369473,
        0.007671288907904068,
        0.006411870843359795,
        0.005321815038053677,
        0.004509446918299587,
        0.003977748107644255,
        0.0036591647858543494,
        0.003459639121832251,
        0.0032951089107309275,
        0.003113694412927946,
        0.0029018836558801523,
        0.0026764970993382155,
        0.002468177236725899,
        0.002304264607604792,
        0.002197147650361209,
        0.0021403256222854907,
        0.002111628196225683,
        0.0020818354148439055,
        0.0020257561805417986,
        0.0019313725517881354,
        0.0018028937983351832,
        0.0016567115531371352,
        0.001513309136624374,
        0.0013897157124784366,
        0.0012951812999214642,
        0.0012299461718860742,
        0.0011860957881273746,
        0.00115034929590069,
        0.0011088709665598667,
        0.001052763324871278,
        0.00098148808189928,
        0.0009021963530912489,
        0.0008255577973261326,
        0.0007607548244473933,
        0.0007121481655529208,
        0.0006784362611652743,
        0.0006537971908725287,
        0.0006303020198175063,
        0.0006010774724109719,
        0.0005634602427019039,
        0.0005209621044473902,
        0.00048298341699582235,
        0.0004619722928017187,
        0.00046859116752149567,
        0.0005061663961077882,
        0.0005664861481461651,
        0.0006296038588563988,
        0.0006694532849216515,
        0.0006640254134167251
    ],
    "reptherm": [
        0.0005745036234180963,
        0.0006124663829562688,
        0.0006068950919988545,
        0.0005747926583739662,
        0.0005402033616875169,
        0.0005240535382201553,
        0.0005372795529339635,
        0.0005780103917413223,
        0.0006321340738473336,
        0.000677946946235855,
        0.000695309884859674,
        0.000676008671825294,
        0.0006290910407228958,
        0.0005774710760846915,
        0.0005482338525745467,
        0.0005624553524933098,
        0.0006283030428535193,
        0.0007378825966955078,
        0.0008683635268008667,
        0.0009894861870693762,
        0.0010770725790336974,
        0.001125722607059148,
        0.0011514413573696588,
        0.00118210780874091,
        0.001244014431342705,
        0.0013539963331308043,
        0.0015173509614148874,
        0.0017246278878181626,
        0.001946035622563121,
        0.0021332740402274625,
        0.002237851876750956,
        0.0022390749665384163,
        0.0021616117330509636,
        0.002068858724764232,
        0.0020377181671120967,
        0.0021309005694521554,
        0.0023760604624606684,
        0.0027518661953917895,
        0.0031845293461775677,
        0.003566403357847387,
        0.0038010460826967897,
        0.003856200175442717,
        0.0037930461016780926,
        0.003755556076906453,
        0.003930811444165829,
        0.0044971100674904944,
        0.005560658054217927,
        0.007080649622793817,
        0.008817318066985812,
        0.01036765042716715,
        0.011316858050525049,
        0.011437367218134768,
        0.010805443156704392,
        0.009756741853758003,
        0.008723520774371493,
        0.00806631560171403,
        0.007975713356276101,
        0.008443510458228436,
        0.009278643824559243,
        0.010170670458493987,
        0.010808810083795214,
        0.011017796919016727,
        0.01083281096334081,
        0.01046873756340916,
        0.010217193745205806,
        0.01034113469562049,
        0.011000664262168372,
        0.012199834426661407,
        0.013758082508417462,
        0.015350120986069343,
        0.016638748983709286,
        0.017437553339701036,
        0.017787757009233903,
        0.017899408711862477,
        0.018028502449956938,
        0.01839398217877125,
        0.01914785785431932,
        0.02032938791675536,
        0.021782497382185108,
        0.023130795267386525,
        0.023911854292090178,
        0.023825753878218343,
        0.02291599337062442,
        0.02154456851457695,
        0.02020222973152959,
        0.019306796673129453,
        0.019085955626511376,
        0.01952844184420528,
        0.0203711160148059,
        0.021156301875988305,
        0.021404951506957592,
        0.02085320628391019,
        0.019607738260048593,
        0.018115254566722833,
        0.016976159303342703,
        0.016711276019879585,
        0.017555082117363754,
        0.019300960801465688,
        0.02125993992643719,
        0.02244142097614002,
        0.021971319566278888
    ],
    "demtherm_avg": 20.402031466648378,
    "reptherm_avg": 75.48143752090749
}