{
    "x": [
        0.0,
        1.0,
        2.0,
        3.0,
        4.0,
        5.0,
        6.0,
        7.0,
        8.0,
        9.0,
        10.0,
        11.0,
        12.0,
        13.0,
        14.0,
        15.0,
        16.0,
        17.0,
        18.0,
        19.0,
        20.0,
        21.0,
        22.0,
        23.0,
        24.0,
        25.0,
        26.0,
        27.0,
        28.0,
        29.0,
        30.0,
        31.0,
        32.0,
        33.0,
        34.0,
        35.0,
        36.0,
        37.0,
        38.0,
        39.0,
        40.0,
        41.0,
        42.0,
        43.0,
        44.0,
        45.0,
        46.0,
        47.0,
        48.0,
        49.0,
        50.0,
        51.0,
        52.0,
        53.0,
        54.0,
        55.0,
        56.0,
        57.0,
        58.0,
        59.0,
        60.0,
        61.0,
        62.0,
        63.0,
        64.0,
        65.0,
        66.0,
        67.0,
        68.0,
        69.0,
        70.0,
        71.0,
        72.0,
        73.0,
        74.0,
        75.0,
        76.0,
        77.0,
        78.0,
        79.0,
        80.0,
        81.0,
        82.0,
        83.0,
        84.0,
        85.0,
        86.0,
        87.0,
        88.0,
        89.0,
        90.0,
        91.0,
        92.0,
        93.0,
        94.0,
        95.0,
        96.0,
        97.0,
        98.0,
        99.0,
        100.0
    ],
    "demtherm": [
        0.0004726328257716967,
        0.000502647163694565,
        0.0005029725109647422,
        0.0004892851611866489,
        0.0004798986188019299,
        0.0004889063800487651,
        0.000522972264346041,
        0.0005799323651845209,
        0.0006480589084311242,
        0.0007083492671775162,
        0.0007420933695723358,
        0.000740786505556669,
        0.000711422332010992,
        0.0006731526574989428,
        0.0006484880320634767,
        0.0006554468368573587,
        0.000703369932492042,
        0.0007904945859939764,
        0.0009023336128282489,
        0.001014256487292484,
        0.001101409089409826,
        0.001152033510488502,
        0.00117452003431866,
        0.0011925663059928757,
        0.0012331491006141654,
        0.0013165033028459392,
        0.0014512373567337532,
        0.0016307176086083383,
        0.001829527753139496,
        0.0020068016197529437,
        0.002122344586098593,
        0.0021586589781571147,
        0.0021324175640112897,
        0.0020864325926646774,
        0.0020701647045369936,
        0.0021231405271985556,
        0.0022656808683184713,
        0.002491433449052095,
        0.0027612270623220934,
        0.0030093718337406315,
        0.0031712822978671963,
        0.003222450882016436,
        0.0032049920130215715,
        0.0032267466101475076,
        0.003437086317212122,
        0.003987299740203161,
        0.004972147258791785,
        0.006354440284520153,
        0.007911448958818217,
        0.009269516293365646,
        0.010052652387554583,
        0.010073085358644492,
        0.009433706664822464,
        0.008470232207327148,
        0.007585154635988212,
        0.007089905333802408,
        0.007125139046831925,
        0.007649193205600465,
        0.008464912211059371,
        0.009286705839438568,
        0.009854274255481715,
        0.010051202632436257,
        0.009952704701686669,
        0.009770395158330988,
        0.009745150911761247,
        0.010065025319050685,
        0.010828487799058577,
        0.012017928867531575,
        0.013472386594420615,
        0.014910218829983422,
        0.01604331628454396,
        0.01672772283491648,
        0.017030329601816666,
        0.017159298200859274,
        0.017338603921096204,
        0.01773984330262729,
        0.018478185931476453,
        0.019585017849112766,
        0.020926387343760858,
        0.022169364900854846,
        0.0229083897017983,
        0.02290253661845932,
        0.02223193281729896,
        0.02124370424940869,
        0.0203570641506148,
        0.019896702905383992,
        0.02002756668470676,
        0.020730117243608875,
        0.021765486507768474,
        0.022694105816596276,
        0.023035614103944883,
        0.022524744718364496,
        0.021287755140166058,
        0.019808902903750314,
        0.01872599537873905,
        0.01858697575266682,
        0.019640689080307954,
        0.02166696046183533,
        0.02390820713083327,
        0.025249053059936428,
        0.024690457304658044
    ],
    "reptherm": [
        0.04049956985378762,
        0.04210144919778589,
        0.04065605854248063,
        0.037081318361873825,
        0.032699090548281844,
        0.02869127587855239,
        0.025739825599705238,
        0.02394851393313959,
        0.022981730849659994,
        0.0223048964745275,
        0.021432308219194573,
        0.020110382799992263,
        0.018381122591384927,
        0.01651365504462985,
        0.014854045015570423,
        0.013675997291526163,
        0.01309132939605931,
        0.013030826802756705,
        0.01327993371380129,
        0.013554966491635262,
        0.01360391757153476,
        0.013297894641732375,
        0.012669636721769508,
        0.011880014609078187,
        0.011137152391873385,
        0.010614772508314219,
        0.010400115870292536,
        0.010473757975795701,
        0.010715733493152945,
        0.010941331497066074,
        0.010967587384721094,
        0.010688729666326169,
        0.010121051746427424,
        0.009391241985775511,
        0.008678316438514846,
        0.008143804663908712,
        0.007879499653675948,
        0.007882588101853927,
        0.008058480750632369,
        0.008253474926866611,
        0.008314942174734705,
        0.008159427568759477,
        0.007815691423857964,
        0.007418801674496343,
        0.00715777128744845,
        0.007200166008429024,
        0.007620377862610645,
        0.008353363734163446,
        0.009193765026608383,
        0.00985414072150164,
        0.010071397655562864,
        0.009715336642444321,
        0.008840020598067669,
        0.007649036821326369,
        0.006399920117892561,
        0.005306118641079989,
        0.004483050643058831,
        0.003946535386731379,
        0.003642914270748597,
        0.0034866172411610373,
        0.0033919818624092014,
        0.0032951474951879965,
        0.003164393846070531,
        0.0029986535905016675,
        0.0028172210031854003,
        0.0026461992542849604,
        0.0025063864449067943,
        0.002404923715677208,
        0.0023321634031197576,
        0.002265353310326215,
        0.0021788790279150326,
        0.002056647048550793,
        0.0018996580400111361,
        0.0017244403085191755,
        0.0015541295196820782,
        0.00140821783001552,
        0.0012961723018306754,
        0.0012162447918119897,
        0.001157965400249422,
        0.0011065550637012751,
        0.001048129701323406,
        0.0009743867852811225,
        0.0008849825731255353,
        0.0007865140946561904,
        0.0006889145982525365,
        0.00060146435958295,
        0.0005302420539967541,
        0.0004773408751691778,
        0.00044117818209462803,
        0.0004174211283583643,
        0.00040065131427947855,
        0.00038686781160407403,
        0.0003761953445907296,
        0.0003744393323550484,
        0.0003920325860629449,
        0.00043962554306794204,
        0.000521109174724003,
        0.0006270023892461476,
        0.0007326759162676396,
        0.0008047560698186109,
        0.0008144369424256373
    ],
    "demtherm_avg": 76.7568641670073,
    "reptherm_avg": 20.35116582856791
}