{
    "x": [
        0.0,
        1.0,
        2.0,
        3.0,
        4.0,
        5.0,
        6.0,
        7.0,
        8.0,
        9.0,
        10.0,
        11.0,
        12.0,
        13.0,
        14.0,
        15.0,
        16.0,
        17.0,
        18.0,
        19.0,
        20.0,
        21.0,
        22.0,
        23.0,
        24.0,
        25.0,
        26.0,
        27.0,
        28.0,
        29.0,
        30.0,
        31.0,
        32.0,
        33.0,
        34.0,
        35.0,
        36.0,
        37.0,
        38.0,
        39.0,
        40.0,
        41.0,
        42.0,
        43.0,
        44.0,
        45.0,
        46.0,
        47.0,
        48.0,
        49.0,
        50.0,
        51.0,
        52.0,
        53.0,
        54.0,
        55.0,
        56.0,
        57.0,
        58.0,
        59.0,
        60.0,
        61.0,
        62.0,
        63.0,
        64.0,
        65.0,
        66.0,
        67.0,
        68.0,
        69.0,
        70.0,
        71.0,
        72.0,
        73.0,
        74.0,
        75.0,
        76.0,
        77.0,
        78.0,
        79.0,
        80.0,
        81.0,
        82.0,
        83.0,
        84.0,
        85.0,
        86.0,
        87.0,
        88.0,
        89.0,
        90.0,
        91.0,
        92.0,
        93.0,
        94.0,
        95.0,
        96.0,
        97.0,
        98.0,
        99.0,
        100.0
    ],
    "demtherm": [
        0.0004684929454451921,
        0.0005000562611464077,
        0.0005029923953293867,
        0.0004909537034431213,
        0.0004805740704895096,
        0.00048536243041644563,
        0.0005125218387336161,
        0.0005613893035681394,
        0.0006226121801463103,
        0.0006799596088287709,
        0.0007166625807762235,
        0.0007240342279525947,
        0.00070667362459178,
        0.0006805765320922929,
        0.0006661054241406689,
        0.0006807000145352327,
        0.0007339045024401915,
        0.0008240683994789889,
        0.0009367724327279172,
        0.0010479311753684483,
        0.0011336188658712845,
        0.0011826166241667327,
        0.0012031445267310459,
        0.0012187914106023723,
        0.0012573344729724378,
        0.0013402387004744368,
        0.0014762975456997847,
        0.001657482778048127,
        0.0018567701820155931,
        0.0020331750235793792,
        0.0021477335970107535,
        0.0021837394504177422,
        0.0021571787228739964,
        0.0021097196528870464,
        0.002090692297498768,
        0.002140262398816904,
        0.0022787234286980964,
        0.002498981061191394,
        0.0027625346950766313,
        0.0030074257714776307,
        0.003174197537090002,
        0.00324091452509103,
        0.003247372129371408,
        0.0032951804416840014,
        0.003525224620903794,
        0.004077953542235964,
        0.005035926241737115,
        0.006355500813983858,
        0.007824302801898926,
        0.009099050798494624,
        0.00984027899783751,
        0.009879509178162845,
        0.00930897799103234,
        0.008432900458380872,
        0.007621826784289432,
        0.007167536657900446,
        0.007202805311806966,
        0.007686363699484901,
        0.008431796070158329,
        0.009176936978663086,
        0.009690116259741019,
        0.009873125692463664,
        0.009799086061727856,
        0.009662230536359295,
        0.009683452175019055,
        0.010034993362887034,
        0.01080262370475107,
        0.011960751299857578,
        0.013354327966457738,
        0.014726829528889963,
        0.015822572102536292,
        0.01651464824468529,
        0.016860964550078933,
        0.01704698048045606,
        0.017278962503322535,
        0.017718139654763137,
        0.018465209296783632,
        0.019532692656985474,
        0.020785041158755804,
        0.02192482806956859,
        0.022606309466258922,
        0.022631603527774765,
        0.022076677692263864,
        0.02124568382511482,
        0.020508641624234828,
        0.020156349299700317,
        0.02033391273595995,
        0.02101157654658891,
        0.021958697446605585,
        0.022772147950751723,
        0.023024483967460114,
        0.022488950637216523,
        0.021294263625268997,
        0.019897625478740084,
        0.018901446226668814,
        0.018820880380838564,
        0.019874330885783185,
        0.02182310901239974,
        0.023927675653245044,
        0.02513754592796508,
        0.024532171313535335
    ],
    "reptherm": [
        0.04068810348521169,
        0.042293421950654816,
        0.0409083702228823,
        0.03741135261263482,
        0.0330798018549774,
        0.029070677379040583,
        0.0260660029506278,
        0.02418611489859759,
        0.023118767982944606,
        0.022353779312800852,
        0.021425462515686482,
        0.02008894779331665,
        0.018379783679104592,
        0.016549269273545168,
        0.014923425955835722,
        0.013761422325712943,
        0.013168710129233242,
        0.013077538674098329,
        0.013282139493245406,
        0.013513454354309298,
        0.01353511073529466,
        0.01322773465774536,
        0.012622813256649879,
        0.011870457089406953,
        0.011164101702551702,
        0.01066443645367064,
        0.010450713636033976,
        0.010502592444598387,
        0.010707395959216279,
        0.010894251735045199,
        0.01089467940133769,
        0.010610472002524315,
        0.010054725060151514,
        0.009342843171613671,
        0.008640957184203902,
        0.008101390469741107,
        0.007812377450937511,
        0.007773498112453361,
        0.007898745864421245,
        0.00804812161521454,
        0.008083407665464372,
        0.00792952621760895,
        0.0076127508901386795,
        0.007255278634566097,
        0.00702803026575951,
        0.00708188937320597,
        0.007481807477730675,
        0.008164951042409866,
        0.008941455272113635,
        0.009548737669775724,
        0.009747704438346343,
        0.009419451248144918,
        0.008610972617657146,
        0.007505005865554356,
        0.006335609539522004,
        0.005299989457318952,
        0.004508018789593237,
        0.003978483372238492,
        0.0036651980896201756,
        0.0034914247654006594,
        0.0033796322071925223,
        0.003271774635596125,
        0.0031384645999775877,
        0.0029773195533056964,
        0.002803690762605161,
        0.0026388460693002316,
        0.0024996459214969074,
        0.0023915906540539723,
        0.0023063717038867416,
        0.0022251661837563758,
        0.0021273099120341986,
        0.00200049891708023,
        0.0018466805063411832,
        0.001680196640382174,
        0.0015199896966548681,
        0.001381161594239616,
        0.0012702386101175545,
        0.0011849502899620252,
        0.0011168159628103368,
        0.001054755887544036,
        0.0009888281814271773,
        0.0009133563385091791,
        0.0008283722768274083,
        0.0007387015341771974,
        0.0006513336215473594,
        0.0005726980020548595,
        0.000507088766733603,
        0.0004562717803113379,
        0.00041961699213038744,
        0.00039446142558279484,
        0.00037706930091087765,
        0.0003645344102320076,
        0.00035717032275541286,
        0.0003600716343391412,
        0.0003823135853955086,
        0.00043296303800149363,
        0.0005146745224951487,
        0.0006177259430420316,
        0.0007186493724580146,
        0.0007863552183953083,
        0.0007943713295986468
    ],
    "demtherm_avg": 76.80753048571557,
    "reptherm_avg": 20.091081089054533
}