{
    "x": [
        0.0,
        1.0,
        2.0,
        3.0,
        4.0,
        5.0,
        6.0,
        7.0,
        8.0,
        9.0,
        10.0,
        11.0,
        12.0,
        13.0,
        14.0,
        15.0,
        16.0,
        17.0,
        18.0,
        19.0,
        20.0,
        21.0,
        22.0,
        23.0,
        24.0,
        25.0,
        26.0,
        27.0,
        28.0,
        29.0,
        30.0,
        31.0,
        32.0,
        33.0,
        34.0,
        35.0,
        36.0,
        37.0,
        38.0,
        39.0,
        40.0,
        41.0,
        42.0,
        43.0,
        44.0,
        45.0,
        46.0,
        47.0,
        48.0,
        49.0,
        50.0,
        51.0,
        52.0,
        53.0,
        54.0,
        55.0,
        56.0,
        57.0,
        58.0,
        59.0,
        60.0,
        61.0,
        62.0,
        63.0,
        64.0,
        65.0,
        66.0,
        67.0,
        68.0,
        69.0,
        70.0,
        71.0,
        72.0,
        73.0,
        74.0,
        75.0,
        76.0,
        77.0,
        78.0,
        79.0,
        80.0,
        81.0,
        82.0,
        83.0,
        84.0,
        85.0,
        86.0,
        87.0,
        88.0,
        89.0,
        90.0,
        91.0,
        92.0,
        93.0,
        94.0,
        95.0,
        96.0,
        97.0,
        98.0,
        99.0,
        100.0
    ],
    "demtherm": [
        0.00047488149929790805,
        0.0005061370410780263,
        0.0005081892900261003,
        0.0004954559885964551,
        0.0004852950401762097,
        0.000491564888409407,
        0.0005213089027973715,
        0.0005732101712133544,
        0.0006369131851203331,
        0.0006951722405850017,
        0.0007306665502610322,
        0.0007349406662465001,
        0.0007134641569038325,
        0.0006831818471384459,
        0.0006649593652211981,
        0.0006762432673764315,
        0.0007264888673729085,
        0.0008142668304243362,
        0.0009257097266382408,
        0.0010372834726891003,
        0.0011252610061896497,
        0.0011781284491293115,
        0.0012033617051229657,
        0.0012235103319022118,
        0.0012653318122255448,
        0.0013497671157095994,
        0.001485912272122772,
        0.0016666294256425056,
        0.0018655936509614079,
        0.0020416848572459433,
        0.0021551359912501972,
        0.0021885978123126976,
        0.002158176393224339,
        0.0021061790394529606,
        0.002082368083368657,
        0.0021267937493027194,
        0.0022594563072401166,
        0.0024733554906035495,
        0.002730598484309403,
        0.0029700223923974814,
        0.0031328298698270305,
        0.0031975326622106733,
        0.003204187819891146,
        0.003254550812150687,
        0.0034898819165487052,
        0.0040517591812296696,
        0.0050243856471003925,
        0.00636442330261347,
        0.0078559970566491,
        0.009148308162538633,
        0.009894145565746835,
        0.00992257679452983,
        0.009331079589091611,
        0.008433759731518347,
        0.0076100631692896685,
        0.007156168605954566,
        0.007204890773402501,
        0.007712049624340082,
        0.008485828474103656,
        0.009256487565596562,
        0.009784750114809969,
        0.009968288035208953,
        0.00988152353538514,
        0.009723950406171342,
        0.00972257520873114,
        0.010054887599455073,
        0.010811068167008013,
        0.011968469031222487,
        0.013371088457039078,
        0.014755954666009504,
        0.01585802976287409,
        0.016544022680156565,
        0.016872586555741757,
        0.017036149703737288,
        0.017250356278730377,
        0.01768565646448962,
        0.018450609187149004,
        0.019560881295743623,
        0.020873564478085065,
        0.02207135196252181,
        0.02278382746037406,
        0.022797758010662878,
        0.022192180370937953,
        0.021289213632320843,
        0.02048000104493199,
        0.020070446656480615,
        0.02021325545025512,
        0.02088088801968505,
        0.021839840727521334,
        0.022678224135843746,
        0.022956304695004936,
        0.022437446729723032,
        0.021247358573587283,
        0.019846303861576018,
        0.01884214083476975,
        0.018756010637305306,
        0.019812855312007455,
        0.021778680868592318,
        0.023911175062654506,
        0.025147142204514465,
        0.024550248889233225
    ],
    "reptherm": [
        0.04072749144205635,
        0.042340750901087354,
        0.04093923489131743,
        0.037413375658120425,
        0.03305541398831028,
        0.02903202007029652,
        0.026027453810573396,
        0.02415875772569036,
        0.023107512393003415,
        0.02235639558903611,
        0.021433708691644297,
        0.020092217626156705,
        0.0183700676209761,
        0.016524755682027662,
        0.014888860097420737,
        0.013725606470212403,
        0.013140901209703194,
        0.013064152155454064,
        0.013284403799579023,
        0.013526633455774088,
        0.013550023155660597,
        0.013234411364833358,
        0.012614609310720538,
        0.011846408462570407,
        0.01112856609791958,
        0.010624855529583685,
        0.01041496780229737,
        0.010476736402843204,
        0.010693895880355834,
        0.010891062151342643,
        0.010895905571915273,
        0.01060885354358616,
        0.010044917791732322,
        0.009323795701939423,
        0.0086163378274933,
        0.008078258266223336,
        0.007798882159568461,
        0.007776194505985437,
        0.007920004575316433,
        0.008084563372141902,
        0.008126528413938827,
        0.007968806793500718,
        0.007639933304307264,
        0.007267618735219978,
        0.007029073292439492,
        0.00707987904623838,
        0.007486779118015041,
        0.00818546322310469,
        0.008981633530018853,
        0.009606514184173683,
        0.009815304274935552,
        0.009486376523632519,
        0.008668190350104483,
        0.007548150336214579,
        0.0063657130258904055,
        0.005321899544351841,
        0.004527787365018319,
        0.004000979297833411,
        0.0036925771670193006,
        0.0035226598170255917,
        0.0034111444891562997,
        0.0032989546334170673,
        0.0031574644184506986,
        0.0029863187841499376,
        0.002803161690911222,
        0.0026309483305009948,
        0.0024872779171393566,
        0.002377581792212416,
        0.0022930020287223692,
        0.002213965609524729,
        0.002119041638999235,
        0.0019952775969123964,
        0.0018441993224511833,
        0.0016800236864021605,
        0.0015218781715547994,
        0.001385300954164387,
        0.0012773404375871016,
        0.0011960552085591334,
        0.0011328044793880482,
        0.0010757419481056548,
        0.0010137666523152508,
        0.0009401421686444175,
        0.0008544465246409825,
        0.0007618894334879356,
        0.0006705234303051055,
        0.0005880763561080196,
        0.0005198731696617463,
        0.0004680870274260296,
        0.0004317773819401513,
        0.0004074329493679677,
        0.00039030298675386983,
        0.00037670444317156455,
        0.00036667727585398775,
        0.0003655721127348985,
        0.00038307071262561775,
        0.00042894313512346026,
        0.000506441475239438,
        0.0006062327236769624,
        0.0007050112600634958,
        0.0007716662079547454,
        0.000779605768744102
    ],
    "demtherm_avg": 76.77804204781414,
    "reptherm_avg": 20.129276786189028
}