{
    "x": [
        0.0,
        1.0,
        2.0,
        3.0,
        4.0,
        5.0,
        6.0,
        7.0,
        8.0,
        9.0,
        10.0,
        11.0,
        12.0,
        13.0,
        14.0,
        15.0,
        16.0,
        17.0,
        18.0,
        19.0,
        20.0,
        21.0,
        22.0,
        23.0,
        24.0,
        25.0,
        26.0,
        27.0,
        28.0,
        29.0,
        30.0,
        31.0,
        32.0,
        33.0,
        34.0,
        35.0,
        36.0,
        37.0,
        38.0,
        39.0,
        40.0,
        41.0,
        42.0,
        43.0,
        44.0,
        45.0,
        46.0,
        47.0,
        48.0,
        49.0,
        50.0,
        51.0,
        52.0,
        53.0,
        54.0,
        55.0,
        56.0,
        57.0,
        58.0,
        59.0,
        60.0,
        61.0,
        62.0,
        63.0,
        64.0,
        65.0,
        66.0,
        67.0,
        68.0,
        69.0,
        70.0,
        71.0,
        72.0,
        73.0,
        74.0,
        75.0,
        76.0,
        77.0,
        78.0,
        79.0,
        80.0,
        81.0,
        82.0,
        83.0,
        84.0,
        85.0,
        86.0,
        87.0,
        88.0,
        89.0,
        90.0,
        91.0,
        92.0,
        93.0,
        94.0,
        95.0,
        96.0,
        97.0,
        98.0,
        99.0,
        100.0
    ],
    "demtherm": [
        0.04004191349991008,
        0.0417311877000125,
        0.04093373529417449,
        0.03819098558008839,
        0.034396003228087106,
        0.030470617738592953,
        0.02708780607977146,
        0.024536283781509613,
        0.022744880808311628,
        0.02142052357971165,
        0.020226017644641298,
        0.018927974792239052,
        0.01746972869199925,
        0.015958683058254864,
        0.014590577565873687,
        0.013552062580627062,
        0.01294192560051682,
        0.012735768421106724,
        0.012799735008197453,
        0.012942994829310942,
        0.012987463706550989,
        0.01282789212606449,
        0.012459516105081768,
        0.011964906731205708,
        0.011469879290037486,
        0.011089773007585922,
        0.010886833235225369,
        0.010850842148203423,
        0.010906005333963135,
        0.010940438017026419,
        0.010848686561234961,
        0.010572181458417021,
        0.01012131832280691,
        0.009569754818836809,
        0.009024104239291678,
        0.008582895201836003,
        0.008301553069554704,
        0.008175651853782277,
        0.008147110293428768,
        0.008130529119980802,
        0.008050274717432275,
        0.007874305351431087,
        0.007630771677272689,
        0.0073996457276105385,
        0.007281656969141771,
        0.007355708960264897,
        0.007640287422702424,
        0.008073805640319053,
        0.008523904427130566,
        0.008826210693730758,
        0.008840256370892186,
        0.008499909887888938,
        0.007835641499378302,
        0.0069589215937649026,
        0.006018054152180297,
        0.005147612245577069,
        0.004432924472704839,
        0.003899543865829078,
        0.003524522250276738,
        0.003259019416297326,
        0.003051468219805526,
        0.00286407282057094,
        0.0026796511980573174,
        0.0024993932503561563,
        0.002334666153957021,
        0.002197207787821705,
        0.0020916531060465263,
        0.0020126965680826885,
        0.001947136248596611,
        0.001879293433631868,
        0.0017972445795622935,
        0.0016971896292153213,
        0.0015842372967057074,
        0.0014695918183127723,
        0.0013657115514033016,
        0.0012816139594516525,
        0.0012199748070515712,
        0.0011766351576218892,
        0.0011422977758419445,
        0.0011057364058707486,
        0.0010575172572395272,
        0.0009929803868171405,
        0.0009133674212763622,
        0.0008247410794819988,
        0.0007353796091137304,
        0.0006529363689658964,
        0.000582456850795267,
        0.000525660607754286,
        0.0004813357313623298,
        0.00044652223760047015,
        0.0004181558551414195,
        0.0003947253009301086,
        0.00037731337094436024,
        0.0003694250492206422,
        0.0003753998051737654,
        0.0003978197974039157,
        0.0004348913998748761,
        0.00047905714601093676,
        0.0005178824559325251,
        0.0005374237400356908,
        0.000527012554045696
    ],
    "reptherm": [
        0.0005007134201300684,
        0.0005452629954688684,
        0.0005635373821789079,
        0.0005623622708554697,
        0.0005532375076887541,
        0.0005476805117150408,
        0.0005529916282679012,
        0.0005698689645997166,
        0.0005925676638766789,
        0.0006116733335622954,
        0.000618736144629208,
        0.0006109890530306499,
        0.0005938924745712425,
        0.000580031826336087,
        0.0005846604804542561,
        0.0006197860425423019,
        0.0006892605483460419,
        0.0007868859861293589,
        0.0008985213423715606,
        0.001007735026422015,
        0.0011028434360989367,
        0.0011820706006218395,
        0.0012542353536046285,
        0.0013348074016450676,
        0.001439547331878808,
        0.001578338330655524,
        0.0017505234111736315,
        0.0019423049140466363,
        0.002127663696522991,
        0.0022749201341402997,
        0.002358835989580111,
        0.0023736343812494256,
        0.002339663166744348,
        0.0022989234825939245,
        0.0023007465748681325,
        0.0023837271835436985,
        0.0025608275127836293,
        0.0028127687749101692,
        0.0030928332685283893,
        0.0033438212920621794,
        0.0035235839108445216,
        0.0036303043737179993,
        0.0037164618980085706,
        0.003883545980125458,
        0.004255871639017549,
        0.004937730621056688,
        0.005963712229488118,
        0.007259411487119431,
        0.008635512740034615,
        0.009832136087809468,
        0.010606673808719014,
        0.010828703397049664,
        0.010533902704610739,
        0.009908825344069883,
        0.009216853067380392,
        0.008703824083205747,
        0.008522833124461912,
        0.008699658778049287,
        0.00914202992423388,
        0.00968558259290832,
        0.010161726447632668,
        0.010464224519003881,
        0.010588798239947926,
        0.010630814457014142,
        0.010745301248364033,
        0.011087727718716143,
        0.011756398921835054,
        0.012753587483941176,
        0.013979144936828778,
        0.015263711623510269,
        0.01643238015722444,
        0.017370374816335795,
        0.018058344597625085,
        0.0185643153016827,
        0.01900566765961177,
        0.01950324010888612,
        0.020138244709974457,
        0.02091352881171604,
        0.021730124366756105,
        0.022403339096574545,
        0.022731517981254886,
        0.02259302947174769,
        0.022016983313882382,
        0.021183626010134623,
        0.02035439145403291,
        0.019770385649108352,
        0.019564533812660313,
        0.01971562900286009,
        0.02005593283973902,
        0.020333854301463353,
        0.02031768910659197,
        0.019902937740706526,
        0.01917310101589658,
        0.01838004639265649,
        0.01784732019994601,
        0.017832352813385882,
        0.01839670872817125,
        0.019333519323170067,
        0.020193611532073476,
        0.020425306287728796,
        0.019588683622937128
    ],
    "demtherm_avg": 19.36817329555204,
    "reptherm_avg": 75.27492345059865
}