{
    "x": [
        0.0,
        1.0,
        2.0,
        3.0,
        4.0,
        5.0,
        6.0,
        7.0,
        8.0,
        9.0,
        10.0,
        11.0,
        12.0,
        13.0,
        14.0,
        15.0,
        16.0,
        17.0,
        18.0,
        19.0,
        20.0,
        21.0,
        22.0,
        23.0,
        24.0,
        25.0,
        26.0,
        27.0,
        28.0,
        29.0,
        30.0,
        31.0,
        32.0,
        33.0,
        34.0,
        35.0,
        36.0,
        37.0,
        38.0,
        39.0,
        40.0,
        41.0,
        42.0,
        43.0,
        44.0,
        45.0,
        46.0,
        47.0,
        48.0,
        49.0,
        50.0,
        51.0,
        52.0,
        53.0,
        54.0,
        55.0,
        56.0,
        57.0,
        58.0,
        59.0,
        60.0,
        61.0,
        62.0,
        63.0,
        64.0,
        65.0,
        66.0,
        67.0,
        68.0,
        69.0,
        70.0,
        71.0,
        72.0,
        73.0,
        74.0,
        75.0,
        76.0,
        77.0,
        78.0,
        79.0,
        80.0,
        81.0,
        82.0,
        83.0,
        84.0,
        85.0,
        86.0,
        87.0,
        88.0,
        89.0,
        90.0,
        91.0,
        92.0,
        93.0,
        94.0,
        95.0,
        96.0,
        97.0,
        98.0,
        99.0,
        100.0
    ],
    "demtherm": [
        0.0005148547733387417,
        0.0005419175853590057,
        0.0005297938942421337,
        0.0004982280885298925,
        0.0004691446229483113,
        0.00045831119818496023,
        0.00047359775657505513,
        0.0005151350611550384,
        0.0005737772372141639,
        0.0006313044327203708,
        0.0006674407438098455,
        0.0006714051553602729,
        0.0006487690512953464,
        0.0006177225601934566,
        0.0005990548020142973,
        0.0006086571375637377,
        0.0006552760024929845,
        0.0007389249693796387,
        0.0008473884871257153,
        0.0009563770762736434,
        0.0010398617982661804,
        0.001086387089632447,
        0.0011074975390990096,
        0.001130133147150706,
        0.0011809433918179256,
        0.001276848858750953,
        0.0014246289641168684,
        0.0016194200726569801,
        0.0018371334243462499,
        0.0020324073340192155,
        0.0021558954401195768,
        0.0021840837013263484,
        0.002136409548702581,
        0.0020643689503908893,
        0.0020250194439862005,
        0.002061967618815724,
        0.0021991916289029593,
        0.0024346028923716515,
        0.0027284365782403,
        0.00300390861587731,
        0.003178124513813643,
        0.0032120197147253167,
        0.0031445290478565573,
        0.003090065548290182,
        0.003210959725737541,
        0.003681653460605282,
        0.004634437781154258,
        0.006070728457222354,
        0.007774975288983385,
        0.009326805289568068,
        0.010269640456705571,
        0.010354897704412879,
        0.009682134318782194,
        0.008628786955588393,
        0.007643116319563737,
        0.007062901838579948,
        0.0070422313167052795,
        0.007548969435733131,
        0.008382589554730842,
        0.009230483663277136,
        0.00979545339443545,
        0.009946017865316839,
        0.00977755585444239,
        0.009534500878179279,
        0.009472837063222246,
        0.009778084737071594,
        0.010553965480191907,
        0.011802868868926118,
        0.013366674661778323,
        0.014917944297603097,
        0.016095065415971527,
        0.016715804803406162,
        0.016878657419276716,
        0.016858312321807782,
        0.016921266707613257,
        0.01724816497612587,
        0.017969948450873883,
        0.019156352578927335,
        0.020684765222040637,
        0.022151682863840554,
        0.02302632796182679,
        0.022988156237417165,
        0.02214912111686713,
        0.020959078534927175,
        0.019918600286478662,
        0.01937493713521078,
        0.019495669689312736,
        0.020280065323801864,
        0.021495955547747123,
        0.022647152424017353,
        0.02314351859437225,
        0.02263620089952758,
        0.02125984979880132,
        0.01958731112417463,
        0.01836971149044491,
        0.018264591873447516,
        0.019622250629405077,
        0.02226638861846102,
        0.025325240083915672,
        0.027379078412160623,
        0.02708163171072284
    ],
    "reptherm": [
        0.039767359597901605,
        0.0413741920095968,
        0.039906507176579904,
        0.03630425177829765,
        0.031911771427029174,
        0.02791676466111378,
        0.024992402050833157,
        0.023231271656816883,
        0.022291182616987763,
        0.02163420731166871,
        0.020772596857267473,
        0.019454622732393567,
        0.01773114763744159,
        0.015884932975931635,
        0.01427375385796825,
        0.013175770577132841,
        0.012698964666578699,
        0.012762898299600351,
        0.01313502192284112,
        0.013509349141997163,
        0.01361451036535822,
        0.013314740780331792,
        0.012652864816735002,
        0.011811708532187031,
        0.01102241169680048,
        0.010474418021162522,
        0.010261564164335494,
        0.010363811535067631,
        0.010654710156931787,
        0.010937737237220016,
        0.011015430322172018,
        0.010770334461481724,
        0.010214897831834538,
        0.009480603066703463,
        0.008756424207541837,
        0.008214301800092267,
        0.007953374683702517,
        0.007972954913676663,
        0.008174314457836104,
        0.008394426120789493,
        0.008470265373204685,
        0.008312533451210146,
        0.007952392968025463,
        0.0075352214937389455,
        0.007264867973683309,
        0.007323895490614906,
        0.007796971817878113,
        0.008618966673510203,
        0.009569954750234446,
        0.010335665074247562,
        0.01062458956683096,
        0.010290473661167565,
        0.009391209917693813,
        0.008149753075650915,
        0.006846305482937013,
        0.005709453094674997,
        0.004858902488665404,
        0.004307181326223552,
        0.003994911609123689,
        0.0038318890274387446,
        0.003730069982315334,
        0.0036250388937361364,
        0.0034852283832071283,
        0.0033095406882031005,
        0.003117188591667868,
        0.002935206008945848,
        0.002787038061367379,
        0.0026831827217917224,
        0.0026155812942606355,
        0.0025593707705004313,
        0.002483709706627945,
        0.002367131592076575,
        0.002208196524425326,
        0.00202477439664433,
        0.0018434331439408714,
        0.0016866729748153454,
        0.0015651241888187588,
        0.0014765540979367862,
        0.0014093873983715222,
        0.0013480324473248435,
        0.0012785097323051292,
        0.0011930796465562225,
        0.0010921377069951312,
        0.000982506758808836,
        0.0008734343186032271,
        0.0007729185942247008,
        0.0006860252230386031,
        0.000614851235967299,
        0.0005589483532198798,
        0.0005158093257679919,
        0.0004819852954765844,
        0.00045524235570598194,
        0.0004371566035523107,
        0.0004347432359251658,
        0.0004595787803893859,
        0.0005233228184567495,
        0.0006298951327070534,
        0.0007672374877566719,
        0.0009043179895399629,
        0.0009984950364876055,
        0.0010124964004528231
    ],
    "demtherm_avg": 77.06166997789131,
    "reptherm_avg": 21.350733314336143
}