{
    "x": [
        0.0,
        1.0,
        2.0,
        3.0,
        4.0,
        5.0,
        6.0,
        7.0,
        8.0,
        9.0,
        10.0,
        11.0,
        12.0,
        13.0,
        14.0,
        15.0,
        16.0,
        17.0,
        18.0,
        19.0,
        20.0,
        21.0,
        22.0,
        23.0,
        24.0,
        25.0,
        26.0,
        27.0,
        28.0,
        29.0,
        30.0,
        31.0,
        32.0,
        33.0,
        34.0,
        35.0,
        36.0,
        37.0,
        38.0,
        39.0,
        40.0,
        41.0,
        42.0,
        43.0,
        44.0,
        45.0,
        46.0,
        47.0,
        48.0,
        49.0,
        50.0,
        51.0,
        52.0,
        53.0,
        54.0,
        55.0,
        56.0,
        57.0,
        58.0,
        59.0,
        60.0,
        61.0,
        62.0,
        63.0,
        64.0,
        65.0,
        66.0,
        67.0,
        68.0,
        69.0,
        70.0,
        71.0,
        72.0,
        73.0,
        74.0,
        75.0,
        76.0,
        77.0,
        78.0,
        79.0,
        80.0,
        81.0,
        82.0,
        83.0,
        84.0,
        85.0,
        86.0,
        87.0,
        88.0,
        89.0,
        90.0,
        91.0,
        92.0,
        93.0,
        94.0,
        95.0,
        96.0,
        97.0,
        98.0,
        99.0,
        100.0
    ],
    "demtherm": [
        0.04014998682221909,
        0.04183270251014848,
        0.04100076427497665,
        0.03820711981454362,
        0.03436071035403502,
        0.03039661479947596,
        0.02699400606384378,
        0.024440298510070527,
        0.022658079103762257,
        0.02134672163923714,
        0.020163293429978968,
        0.018872191209759793,
        0.01741803481218236,
        0.015911560547974206,
        0.014551873295790049,
        0.01352746607155191,
        0.012936904066484053,
        0.01275384538155751,
        0.01284152316737994,
        0.013006017367490581,
        0.013066643808142705,
        0.012916517340500065,
        0.012550417037887786,
        0.01205159990730835,
        0.011547515087686804,
        0.011155755783040832,
        0.010940886831327731,
        0.01089429760848963,
        0.010940433450857347,
        0.010966288115137557,
        0.01086479517261802,
        0.010576530284414363,
        0.010112552618236788,
        0.0095484478942108,
        0.008992999807916057,
        0.008546099405145988,
        0.008263238740501383,
        0.008138920585025843,
        0.008113393200283694,
        0.008099636236206331,
        0.008021048922372714,
        0.00784570119840626,
        0.007603011923791832,
        0.00737501698809932,
        0.0072645899579271795,
        0.0073519925040385495,
        0.007655483983405917,
        0.008111183276753788,
        0.008582528338554857,
        0.008900091865686261,
        0.008919277767756511,
        0.008572480037911983,
        0.007892047219754174,
        0.006993889097857678,
        0.0060314823908861614,
        0.005143483802529969,
        0.004417263938272884,
        0.0038784663224856533,
        0.0035029899270229902,
        0.0032403691999133904,
        0.003037454070177215,
        0.0028551355752215184,
        0.0026752386309956966,
        0.0024982685804278044,
        0.002335208689689383,
        0.0021977195580396586,
        0.0020906555137803783,
        0.002009167096767212,
        0.0019406353875358255,
        0.0018699693914788105,
        0.001785740167409997,
        0.0016844783305617484,
        0.0015713975977234642,
        0.0014575346154472144,
        0.0013549206908986058,
        0.0012720030500239026,
        0.001210945604926079,
        0.0011673346129184704,
        0.0011319694273669357,
        0.0010940190873069972,
        0.0010445821943582635,
        0.0009794784734520512,
        0.0009002282385246811,
        0.000812900269853314,
        0.0007255189012435971,
        0.0006453114891073575,
        0.0005768616574269584,
        0.0005215304460288845,
        0.00047794431570439487,
        0.0004431991437302306,
        0.0004144596212571455,
        0.00039054094982847573,
        0.00037287865851633206,
        0.0003653051938231817,
        0.00037241965252582686,
        0.00039693900078818263,
        0.00043700065956096373,
        0.0004847064561964577,
        0.0005270190719412516,
        0.0005492693226756598,
        0.0005401853562792992
    ],
    "reptherm": [
        0.0004912842195580502,
        0.0005349944540627718,
        0.0005527220709927224,
        0.0005513720721818546,
        0.0005425320100000725,
        0.0005378030496879174,
        0.0005445385288853867,
        0.0005633988927733081,
        0.0005884329790378009,
        0.0006098220276196223,
        0.000618602127805759,
        0.000611582339570792,
        0.0005940983737216095,
        0.00057899841873693,
        0.0005820914417188404,
        0.0006159963267506667,
        0.0006849580508137313,
        0.000782759358020243,
        0.000894810175169903,
        0.0010040014231446695,
        0.0010981064422303946,
        0.0011752958604065856,
        0.001244973917058039,
        0.0013236820987413422,
        0.0014283495588090285,
        0.00156965293331194,
        0.0017469492150007948,
        0.0019454754523253028,
        0.0021374266974015913,
        0.0022891254038341475,
        0.00237402820248955,
        0.0023865013336389533,
        0.002348608838919302,
        0.0023050023834115287,
        0.0023075303261406114,
        0.0023961955369087547,
        0.002583713429593965,
        0.0028488596772531035,
        0.0031417227046104472,
        0.003401604377385659,
        0.0035838152461953776,
        0.0036860351445074987,
        0.003762576316992815,
        0.003918407245955635,
        0.0042816523105928955,
        0.004959398610205172,
        0.005987025703641481,
        0.007288434578414312,
        0.008670404764965873,
        0.009868264886777757,
        0.010635907137696085,
        0.010842679805699687,
        0.01052776112490247,
        0.009883444578343776,
        0.009178594491350282,
        0.008662256358668534,
        0.008487710674408004,
        0.008678210008055626,
        0.009137110076007315,
        0.009695097001640405,
        0.010179685442342701,
        0.010483273848896925,
        0.01060320734986651,
        0.010638537096493579,
        0.010748319050211097,
        0.01109088305879306,
        0.011765417986938075,
        0.012772874313207835,
        0.014009851375377183,
        0.015302862998015728,
        0.01647383371053543,
        0.01740747346827081,
        0.018086863906780767,
        0.01858405219767606,
        0.01902020772925347,
        0.019518770492974572,
        0.020162242658579427,
        0.020953026405802395,
        0.021788852507985918,
        0.022478371047291015,
        0.022811703844041548,
        0.022661317255017754,
        0.02205630992246879,
        0.021183516499650643,
        0.02031495051212043,
        0.019702074975779218,
        0.01948427359348781,
        0.019640952408900444,
        0.01999921001033764,
        0.020298539845806013,
        0.020298037864335833,
        0.019887302502851097,
        0.019149241492943708,
        0.018340066703839576,
        0.017790479811445215,
        0.017765220331082323,
        0.018330818771458778,
        0.019280934094183095,
        0.020161546655740346,
        0.0204122641083268,
        0.019584759037360965
    ],
    "demtherm_avg": 19.373627232260493,
    "reptherm_avg": 75.24803387473814
}