{
    "x": [
        0.0,
        1.0,
        2.0,
        3.0,
        4.0,
        5.0,
        6.0,
        7.0,
        8.0,
        9.0,
        10.0,
        11.0,
        12.0,
        13.0,
        14.0,
        15.0,
        16.0,
        17.0,
        18.0,
        19.0,
        20.0,
        21.0,
        22.0,
        23.0,
        24.0,
        25.0,
        26.0,
        27.0,
        28.0,
        29.0,
        30.0,
        31.0,
        32.0,
        33.0,
        34.0,
        35.0,
        36.0,
        37.0,
        38.0,
        39.0,
        40.0,
        41.0,
        42.0,
        43.0,
        44.0,
        45.0,
        46.0,
        47.0,
        48.0,
        49.0,
        50.0,
        51.0,
        52.0,
        53.0,
        54.0,
        55.0,
        56.0,
        57.0,
        58.0,
        59.0,
        60.0,
        61.0,
        62.0,
        63.0,
        64.0,
        65.0,
        66.0,
        67.0,
        68.0,
        69.0,
        70.0,
        71.0,
        72.0,
        73.0,
        74.0,
        75.0,
        76.0,
        77.0,
        78.0,
        79.0,
        80.0,
        81.0,
        82.0,
        83.0,
        84.0,
        85.0,
        86.0,
        87.0,
        88.0,
        89.0,
        90.0,
        91.0,
        92.0,
        93.0,
        94.0,
        95.0,
        96.0,
        97.0,
        98.0,
        99.0,
        100.0
    ],
    "demtherm": [
        0.0004939213833315761,
        0.0005211786798244765,
        0.0005106574114738372,
        0.00048400937298298936,
        0.00046371586211782685,
        0.0004647417942768459,
        0.0004942201865909601,
        0.0005518494471597385,
        0.0006265313854531693,
        0.0006953463245650107,
        0.0007327545198497716,
        0.0007264031462304686,
        0.0006857697311796876,
        0.0006355869926864104,
        0.0006014773778002197,
        0.0006011253637786319,
        0.0006440394406699508,
        0.0007314589065283393,
        0.000851229555616164,
        0.0009755165694557868,
        0.0010720739696786778,
        0.0011249062769689852,
        0.0011455411447801897,
        0.0011632618733441156,
        0.0012053818908286252,
        0.0012878024340620797,
        0.0014188479100094666,
        0.0015997321365469217,
        0.0018123571019349083,
        0.0020109098263724934,
        0.002139350182762498,
        0.002168282647073625,
        0.0021173542264680116,
        0.002041923788155851,
        0.002001087870898846,
        0.002038316799182221,
        0.002179755168089605,
        0.002428659561439355,
        0.002746963747241594,
        0.003049028005912627,
        0.003235908418235373,
        0.0032574130670866173,
        0.003154000988071612,
        0.0030497552917412595,
        0.003116598451722363,
        0.00353956717147148,
        0.004470017399720894,
        0.005932425389407648,
        0.007714681723554203,
        0.009360625707699015,
        0.010354172863256336,
        0.010408828317626106,
        0.009637885243056268,
        0.008467705086067161,
        0.007390175962733896,
        0.006761714136229663,
        0.006740888114986161,
        0.007297626696161646,
        0.008222112989718165,
        0.009167850912565209,
        0.009790422812553882,
        0.00993092372827755,
        0.009696633279680886,
        0.009366957791362132,
        0.009225997320947829,
        0.009473643070322448,
        0.010230831089479312,
        0.011524142746061805,
        0.013199571573146237,
        0.014887673268095062,
        0.016158096720901786,
        0.01678878070127912,
        0.016897427324285518,
        0.01680605511002148,
        0.016807389247171473,
        0.01708545065651155,
        0.017793216256398847,
        0.019052842038970796,
        0.020767611223423934,
        0.022469781953684646,
        0.023495732912765774,
        0.023426975196001714,
        0.02239104715544429,
        0.02094010743107321,
        0.019675073652851482,
        0.0189940330153761,
        0.019088298089209234,
        0.01997917559872824,
        0.02142813170317107,
        0.022863315438889406,
        0.023570278447896192,
        0.023110163569161946,
        0.021622032019986092,
        0.019754341093569265,
        0.018341426823910937,
        0.018108723412955385,
        0.01947872476421725,
        0.022336048210573098,
        0.025777341211499577,
        0.028206709849741895,
        0.028046371022200013
    ],
    "reptherm": [
        0.039578378776167294,
        0.04111720321208056,
        0.03944143754300961,
        0.03560412020890577,
        0.03106628834192491,
        0.02707334138471695,
        0.02428909024163168,
        0.022757311315603906,
        0.02207318278978917,
        0.021635020490641782,
        0.0209035482882295,
        0.019607130830846236,
        0.01781875384784987,
        0.015872947385939043,
        0.01418173884946289,
        0.013058905601076063,
        0.01262400902153283,
        0.012786773705368258,
        0.013285391360369159,
        0.013770190874933183,
        0.013927265312939226,
        0.01360088872728888,
        0.01284736399922296,
        0.01188699889369236,
        0.010991557598689172,
        0.010379022866704836,
        0.010156497785123907,
        0.010303372612871169,
        0.010677827127153126,
        0.01105372277964295,
        0.011199441047210185,
        0.010975416090685758,
        0.010395004922021264,
        0.009610188112964168,
        0.008836845950565565,
        0.00826881251480883,
        0.00801758741037103,
        0.00808374703416684,
        0.008356430073580398,
        0.008647526782600064,
        0.008764592511396179,
        0.008599063114839725,
        0.0081834162774412,
        0.007684096255410396,
        0.007336453113909229,
        0.007354696233387817,
        0.00784667401859559,
        0.008752638055523926,
        0.009831814117855891,
        0.010724612580259772,
        0.011088399080397805,
        0.010747272278411123,
        0.009767136218972773,
        0.00840911983014504,
        0.006997816103165846,
        0.005790963521776717,
        0.004915473984512514,
        0.00437476833543506,
        0.004092740798416081,
        0.003961141993543118,
        0.0038768799940055564,
        0.003767145513845282,
        0.003600662045645374,
        0.003384107920197428,
        0.0031480082806946575,
        0.0029298890582212414,
        0.0027599824707840322,
        0.0026506976876975235,
        0.0025911175778574264,
        0.0025501368769397926,
        0.0024899762969331322,
        0.0023845256671938407,
        0.0022315432861245506,
        0.002051181897505697,
        0.0018732368609171793,
        0.0017225151425617005,
        0.0016101994523369694,
        0.0015327109096106104,
        0.0014754695981054134,
        0.0014191686849921363,
        0.0013472067517354461,
        0.0012520747305831143,
        0.0011375629374667706,
        0.0010154790243946793,
        0.0008992727072538047,
        0.0007987633037754123,
        0.00071829387508159,
        0.0006574662505443881,
        0.0006124721876927105,
        0.0005773285623349817,
        0.000545738117354286,
        0.000514055220978142,
        0.0004845074686651837,
        0.0004669507296467444,
        0.00047749720836012707,
        0.0005329132749848248,
        0.000641007303486848,
        0.0007902287326119534,
        0.0009453011500544301,
        0.0010556242812669483,
        0.0010760647120416009
    ],
    "demtherm_avg": 77.1691856378887,
    "reptherm_avg": 21.75811195325418
}