{
    "x": [
        0.0,
        1.0,
        2.0,
        3.0,
        4.0,
        5.0,
        6.0,
        7.0,
        8.0,
        9.0,
        10.0,
        11.0,
        12.0,
        13.0,
        14.0,
        15.0,
        16.0,
        17.0,
        18.0,
        19.0,
        20.0,
        21.0,
        22.0,
        23.0,
        24.0,
        25.0,
        26.0,
        27.0,
        28.0,
        29.0,
        30.0,
        31.0,
        32.0,
        33.0,
        34.0,
        35.0,
        36.0,
        37.0,
        38.0,
        39.0,
        40.0,
        41.0,
        42.0,
        43.0,
        44.0,
        45.0,
        46.0,
        47.0,
        48.0,
        49.0,
        50.0,
        51.0,
        52.0,
        53.0,
        54.0,
        55.0,
        56.0,
        57.0,
        58.0,
        59.0,
        60.0,
        61.0,
        62.0,
        63.0,
        64.0,
        65.0,
        66.0,
        67.0,
        68.0,
        69.0,
        70.0,
        71.0,
        72.0,
        73.0,
        74.0,
        75.0,
        76.0,
        77.0,
        78.0,
        79.0,
        80.0,
        81.0,
        82.0,
        83.0,
        84.0,
        85.0,
        86.0,
        87.0,
        88.0,
        89.0,
        90.0,
        91.0,
        92.0,
        93.0,
        94.0,
        95.0,
        96.0,
        97.0,
        98.0,
        99.0,
        100.0
    ],
    "demtherm": [
        0.0004665344309691211,
        0.0004998086944590097,
        0.0005052135627757737,
        0.0004953413285959684,
        0.0004858792702758967,
        0.0004898231452885056,
        0.0005142863087822186,
        0.0005589189016326891,
        0.0006152407196145269,
        0.0006685124394612617,
        0.0007036519424705452,
        0.0007130350512274723,
        0.0007010831411125924,
        0.0006824598162908323,
        0.0006757101798970295,
        0.0006966850018934251,
        0.000753974441490215,
        0.0008457728368390716,
        0.0009583491174484706,
        0.001068927222320839,
        0.001154852049656378,
        0.0012053261849134986,
        0.0012278401097577686,
        0.0012446139841802346,
        0.0012822558664653027,
        0.0013616883976298826,
        0.0014916977750125797,
        0.0016647078843534246,
        0.0018548191924949887,
        0.002022848929449959,
        0.002131575653825354,
        0.002164924179156141,
        0.0021381159263235546,
        0.00209146110836604,
        0.002073237314320022,
        0.0021228443610292703,
        0.002259587853290643,
        0.002475493839183084,
        0.0027326613535368534,
        0.002972019632089144,
        0.003138049613656743,
        0.003211282247861364,
        0.0032310172487897974,
        0.003295947474257979,
        0.0035427346520773982,
        0.0041064538686092535,
        0.00506341348044489,
        0.0063656595237734925,
        0.007803267405673434,
        0.009044153588547339,
        0.009763764438084913,
        0.00980274948367059,
        0.009250750485022243,
        0.008400314625099308,
        0.007609084820478307,
        0.0071604881302477184,
        0.007184635075677514,
        0.0076429758244513524,
        0.008357972666712494,
        0.009081787181614964,
        0.009596812668310094,
        0.009810109885784185,
        0.009787094970959793,
        0.009705558679660515,
        0.009769805499246722,
        0.010141046353591632,
        0.01090044532424519,
        0.012024388289630024,
        0.013368401096988829,
        0.01469506317167212,
        0.01576916172694111,
        0.01647409989439533,
        0.016861779235734578,
        0.01710026969267407,
        0.017377547028891584,
        0.017841760803480353,
        0.01858545368236415,
        0.019618144169092144,
        0.020811353435765848,
        0.021888081832749408,
        0.022529208446517394,
        0.022554319278170632,
        0.022037321090356953,
        0.02126439618089064,
        0.020583765909121064,
        0.02026902140486992,
        0.020453838094407834,
        0.021103648801133832,
        0.021994700800435182,
        0.02274548139372552,
        0.022956969697628248,
        0.02242129300456969,
        0.021265263389464776,
        0.01992640458340509,
        0.018981475073625423,
        0.01892309972043046,
        0.01995422160863089,
        0.02183341043476749,
        0.02383973241688493,
        0.024962661803306477,
        0.024324106796196548
    ],
    "reptherm": [
        0.04068894983761823,
        0.042291550754008145,
        0.04095109225003034,
        0.037518002041626815,
        0.033235622438858026,
        0.029238768177468687,
        0.02620586056978163,
        0.02426828876966597,
        0.023132405139207335,
        0.02230804625455128,
        0.02134535828035927,
        0.020005848429758583,
        0.01831978773081956,
        0.016524749133895483,
        0.014931430360071553,
        0.01378812223121208,
        0.013196400874861399,
        0.013091436988765253,
        0.013275754213205402,
        0.013491232510021366,
        0.013510541110251307,
        0.013216688524182419,
        0.012635205047927983,
        0.011904871000799405,
        0.011207843899291426,
        0.010697774594805289,
        0.010452563380379603,
        0.010456173586148273,
        0.0106055810682858,
        0.010743460294931829,
        0.010714835644015958,
        0.010429590876686169,
        0.00990004783706499,
        0.009232873619194698,
        0.00858179297074845,
        0.008087622099356746,
        0.007830689152332806,
        0.0078072460409742365,
        0.007932702468436068,
        0.008072551790150923,
        0.00809605723233766,
        0.007934489916146072,
        0.007616783048446005,
        0.00726342335970249,
        0.007040318916841661,
        0.007091949977852093,
        0.007477846869957061,
        0.008133550808405526,
        0.008873612065600488,
        0.009445456940032645,
        0.009621393247019236,
        0.009289425709449826,
        0.008495521784055963,
        0.0074149371361640504,
        0.006272686059489825,
        0.0052597727898629236,
        0.004484018621085244,
        0.0039649673243393945,
        0.003658119374277403,
        0.0034883291181756967,
        0.003379335856388222,
        0.003273966760127155,
        0.0031431508894579196,
        0.0029842217659554015,
        0.0028118751766461982,
        0.0026467690908853797,
        0.002505631670938191,
        0.00239460412619828,
        0.0023067729089606454,
        0.0022249770919154175,
        0.0021296380390208422,
        0.0020082434215969083,
        0.0018611826343778097,
        0.0017005897086227436,
        0.0015435252447360854,
        0.0014041586494582343,
        0.0012890597241553376,
        0.0011966584519301688,
        0.0011195457372553909,
        0.0010479544326084454,
        0.0009733690003257664,
        0.0008913800883821848,
        0.0008027796949853158,
        0.000712445359451718,
        0.0006267964310837808,
        0.0005513700467902372,
        0.0004895605775315096,
        0.0004424126888018523,
        0.0004088106956856569,
        0.0003858511592494537,
        0.0003698150737044091,
        0.0003580558583025596,
        0.00035128361589813233,
        0.00035490894957284627,
        0.00037799858012643045,
        0.00042919387890915956,
        0.0005105227067850762,
        0.0006119197541732636,
        0.000710299726610173,
        0.000775680896371617,
        0.0007828561500162299
    ],
    "demtherm_avg": 76.8137534309764,
    "reptherm_avg": 20.00942860799629
}