{
    "x": [
        0.0,
        1.0,
        2.0,
        3.0,
        4.0,
        5.0,
        6.0,
        7.0,
        8.0,
        9.0,
        10.0,
        11.0,
        12.0,
        13.0,
        14.0,
        15.0,
        16.0,
        17.0,
        18.0,
        19.0,
        20.0,
        21.0,
        22.0,
        23.0,
        24.0,
        25.0,
        26.0,
        27.0,
        28.0,
        29.0,
        30.0,
        31.0,
        32.0,
        33.0,
        34.0,
        35.0,
        36.0,
        37.0,
        38.0,
        39.0,
        40.0,
        41.0,
        42.0,
        43.0,
        44.0,
        45.0,
        46.0,
        47.0,
        48.0,
        49.0,
        50.0,
        51.0,
        52.0,
        53.0,
        54.0,
        55.0,
        56.0,
        57.0,
        58.0,
        59.0,
        60.0,
        61.0,
        62.0,
        63.0,
        64.0,
        65.0,
        66.0,
        67.0,
        68.0,
        69.0,
        70.0,
        71.0,
        72.0,
        73.0,
        74.0,
        75.0,
        76.0,
        77.0,
        78.0,
        79.0,
        80.0,
        81.0,
        82.0,
        83.0,
        84.0,
        85.0,
        86.0,
        87.0,
        88.0,
        89.0,
        90.0,
        91.0,
        92.0,
        93.0,
        94.0,
        95.0,
        96.0,
        97.0,
        98.0,
        99.0,
        100.0
    ],
    "demtherm": [
        0.0005151158345453612,
        0.0005412786793346667,
        0.0005281027884354507,
        0.000497422019167882,
        0.000472364823267923,
        0.0004685413793840121,
        0.000492962123006646,
        0.0005445947608483869,
        0.0006123431552108304,
        0.0006750781425277459,
        0.0007100352852367805,
        0.0007064105960753704,
        0.000672611112217058,
        0.0006305036099281317,
        0.0006030164011619445,
        0.000606349239845158,
        0.0006493548438544056,
        0.0007330626100337137,
        0.0008462474606857107,
        0.000963895009154575,
        0.0010574228617427485,
        0.0011126810284147251,
        0.0011396635293209891,
        0.0011642609166107635,
        0.0012114800460105433,
        0.0012969227131116785,
        0.0014288604302420541,
        0.0016073650539242122,
        0.0018136470177822321,
        0.0020040415655374617,
        0.0021268020573917555,
        0.0021551717172236372,
        0.0021073889954735165,
        0.0020353592032060852,
        0.0019962931739536303,
        0.002033883138316042,
        0.002174055452206176,
        0.0024183299406530276,
        0.002728214191265111,
        0.0030220574167930956,
        0.0032076556103884848,
        0.00323878881297365,
        0.0031541986629135405,
        0.003073586409526121,
        0.0031659316346672605,
        0.003613390131197568,
        0.004559625384888193,
        0.006018012271938687,
        0.007773542106939287,
        0.009385572407884239,
        0.01036489360436789,
        0.010441241946755275,
        0.009719032182746988,
        0.008599337249524693,
        0.00755277448686155,
        0.0069281025329795114,
        0.0068839541834441334,
        0.007391873708832052,
        0.008249689564026236,
        0.009131153539252465,
        0.009718351460659948,
        0.009867198243002332,
        0.009677357639623511,
        0.009406819532000702,
        0.009321212235823256,
        0.009610028062830683,
        0.010384203619789081,
        0.011658483949485406,
        0.013278420542395381,
        0.014897941772035643,
        0.016122652556008903,
        0.016749461989041713,
        0.016883321756526216,
        0.016820498467803563,
        0.01684289615329639,
        0.017138909410430246,
        0.017855646172651094,
        0.019088913683125024,
        0.0207236685549605,
        0.022317660974017686,
        0.023269828588022852,
        0.0232107835488973,
        0.02226337130058126,
        0.020933242668126198,
        0.01977606248780005,
        0.01916808816340485,
        0.019289203445008188,
        0.020146111569236274,
        0.021496975740206186,
        0.022801214674334425,
        0.02340280622408466,
        0.022908330871210046,
        0.021458642294341645,
        0.01967023735182525,
        0.018341592620816385,
        0.018168054870989558,
        0.019536654913520596,
        0.022298680466620265,
        0.02556154842434335,
        0.027812717679560256,
        0.0275875195421682
    ],
    "reptherm": [
        0.03943069255486473,
        0.04098278426896483,
        0.03940329286970292,
        0.03569365474265691,
        0.031258308128151904,
        0.02731116147192792,
        0.02451449817305176,
        0.022928539708136617,
        0.022171674097710373,
        0.02166703975329156,
        0.020896356804126753,
        0.019596772392959167,
        0.01783326745123359,
        0.01592097831302045,
        0.014252617474207483,
        0.013130792362591627,
        0.012672910587943792,
        0.012793620092550072,
        0.013242673429227546,
        0.013687539260729468,
        0.013831090242685234,
        0.013524910286253541,
        0.012818392615044282,
        0.011914901584232859,
        0.01106832246011512,
        0.010484195125304649,
        0.010263738962159416,
        0.010386602409113172,
        0.01071841811606197,
        0.011047819778012852,
        0.0111605589983103,
        0.010928687156671186,
        0.010365724155678054,
        0.009613716348705762,
        0.008874735209950801,
        0.008330470937215303,
        0.008084298641734418,
        0.008133730780865966,
        0.008371450829493544,
        0.00861997348782662,
        0.008701251424852731,
        0.008518418286752793,
        0.008107502003105272,
        0.007629335382161981,
        0.007307355564433014,
        0.007341674350112081,
        0.007828271260438767,
        0.008703035637878519,
        0.009732917813359415,
        0.010577386387354951,
        0.010915372441899848,
        0.010582574796245832,
        0.009639703034564453,
        0.008330036184523737,
        0.0069587883651514235,
        0.005772052659446445,
        0.004895141227361442,
        0.004337019635021413,
        0.004030467850710874,
        0.003876744461888777,
        0.003780656622070664,
        0.0036734996441616717,
        0.0035231538323705763,
        0.003331417869415985,
        0.003122390135590876,
        0.002928063067057578,
        0.002775258119499135,
        0.002675208067410629,
        0.0026177159974755094,
        0.0025737891290126187,
        0.002508344233585028,
        0.0023975228244343966,
        0.0022401715905978237,
        0.002056385639177311,
        0.0018753315696807059,
        0.001721204754444981,
        0.0016048889411856546,
        0.0015229071517364363,
        0.001461181128193392,
        0.0014011389537280374,
        0.0013267684783236384,
        0.0012306387232168246,
        0.0011160704599327957,
        0.0009941653073559749,
        0.0008777707840187199,
        0.0007763053202296515,
        0.0006938485458332177,
        0.0006299329816286954,
        0.0005811356385848347,
        0.0005425145790487299,
        0.0005092735432132735,
        0.00047909382343838295,
        0.0004546170300028106,
        0.00044478558249521304,
        0.0004635988735067071,
        0.0005251516963034279,
        0.0006350370012119655,
        0.0007810740317845219,
        0.0009296297032510819,
        0.001033569542555433,
        0.001051320032577632
    ],
    "demtherm_avg": 77.10914811353506,
    "reptherm_avg": 21.637724996656196
}