{
    "x": [
        0.0,
        1.0,
        2.0,
        3.0,
        4.0,
        5.0,
        6.0,
        7.0,
        8.0,
        9.0,
        10.0,
        11.0,
        12.0,
        13.0,
        14.0,
        15.0,
        16.0,
        17.0,
        18.0,
        19.0,
        20.0,
        21.0,
        22.0,
        23.0,
        24.0,
        25.0,
        26.0,
        27.0,
        28.0,
        29.0,
        30.0,
        31.0,
        32.0,
        33.0,
        34.0,
        35.0,
        36.0,
        37.0,
        38.0,
        39.0,
        40.0,
        41.0,
        42.0,
        43.0,
        44.0,
        45.0,
        46.0,
        47.0,
        48.0,
        49.0,
        50.0,
        51.0,
        52.0,
        53.0,
        54.0,
        55.0,
        56.0,
        57.0,
        58.0,
        59.0,
        60.0,
        61.0,
        62.0,
        63.0,
        64.0,
        65.0,
        66.0,
        67.0,
        68.0,
        69.0,
        70.0,
        71.0,
        72.0,
        73.0,
        74.0,
        75.0,
        76.0,
        77.0,
        78.0,
        79.0,
        80.0,
        81.0,
        82.0,
        83.0,
        84.0,
        85.0,
        86.0,
        87.0,
        88.0,
        89.0,
        90.0,
        91.0,
        92.0,
        93.0,
        94.0,
        95.0,
        96.0,
        97.0,
        98.0,
        99.0,
        100.0
    ],
    "demtherm": [
        0.0005278355455724388,
        0.000554829757171839,
        0.0005413192614071685,
        0.000508498197017257,
        0.0004793338381791575,
        0.00046983891121523113,
        0.0004876758418762351,
        0.0005325261683773487,
        0.00059423530650946,
        0.0006528897022920941,
        0.0006866572042164424,
        0.0006846098643607113,
        0.0006539483386474645,
        0.0006152096697600521,
        0.0005908133946324614,
        0.0005971318074221054,
        0.0006428937076538804,
        0.0007281687567451728,
        0.0008405301968638605,
        0.000954522244081648,
        0.0010421479381792866,
        0.0010903365273044728,
        0.001110323265011668,
        0.0011297727108297404,
        0.001176132404410906,
        0.0012668813962637838,
        0.0014096747525612623,
        0.0016010520493160243,
        0.0018178956821251536,
        0.002014231530601554,
        0.0021387851255450863,
        0.0021664609975291615,
        0.0021167041475772365,
        0.002042158424754909,
        0.0020009478686921394,
        0.0020374296960054858,
        0.0021768464316803144,
        0.002418959898433753,
        0.002724619330503161,
        0.0030142872943592614,
        0.003199286899997106,
        0.003234975349791518,
        0.0031582623747389398,
        0.003085901925419241,
        0.0031857792095979468,
        0.0036401917267644365,
        0.004590665010005292,
        0.006045444425161714,
        0.0077866873489097765,
        0.009379263824054568,
        0.010346174795871164,
        0.010426580519623757,
        0.009724154019839684,
        0.008631357026521855,
        0.007609862654782927,
        0.00700261012343208,
        0.006963634993022122,
        0.0074606547926195635,
        0.008292882383327888,
        0.009144241453402188,
        0.009711360791594919,
        0.009858882682042078,
        0.009683701069828469,
        0.009434041571156763,
        0.009367184346372672,
        0.009668187109919362,
        0.010443735609667743,
        0.011703491171298524,
        0.013293522987047878,
        0.014880035059653523,
        0.016087697087856914,
        0.016724994618975374,
        0.016892038980366692,
        0.01686968304554533,
        0.016926053673218762,
        0.017241121316949222,
        0.017953458040015333,
        0.01914974104136671,
        0.02071703652389104,
        0.02223701963712244,
        0.023145022958205447,
        0.02309455179603202,
        0.022200794075900785,
        0.02094042490273414,
        0.019842089640035684,
        0.01926912664739532,
        0.01939698231314178,
        0.020229255686769462,
        0.021527140079305743,
        0.022767782577503493,
        0.023322830111940068,
        0.022818176040263243,
        0.021392823534835074,
        0.019646070984466867,
        0.018358023957476016,
        0.018208803611254255,
        0.01956843556464879,
        0.02227383021536024,
        0.025440762545845902,
        0.027600097058864483,
        0.02734338646851618
    ],
    "reptherm": [
        0.03947793286177375,
        0.04105933275798338,
        0.03954845114108217,
        0.03591262317469938,
        0.03152185212182249,
        0.02757312367902072,
        0.02473164054110262,
        0.023072539251362732,
        0.022233651843689105,
        0.021658142136759432,
        0.02084420715314916,
        0.019536122238372845,
        0.01779332139985559,
        0.015915782324857422,
        0.014278918004870605,
        0.013172236235808562,
        0.01270675419225003,
        0.012797887119155943,
        0.013203565485204922,
        0.013605491214430958,
        0.013721681114391007,
        0.013412457057338347,
        0.01272523580970286,
        0.011852791918731204,
        0.011036184052539057,
        0.010471416281152272,
        0.010255436415382773,
        0.01036861086028207,
        0.010681729645355839,
        0.010991823260369243,
        0.01109305906043712,
        0.010861565504926094,
        0.010308329650805758,
        0.009568099668364586,
        0.008835210737167316,
        0.008286566804625315,
        0.008024644489106081,
        0.0080496580988712,
        0.008260410313200347,
        0.008488182712440352,
        0.008563590490135883,
        0.008394242683166261,
        0.008013861646723906,
        0.007575102700047194,
        0.007290766256737373,
        0.0073512259097361695,
        0.007845831135535768,
        0.008708816041770338,
        0.009712141057697054,
        0.010526505889722454,
        0.010843931643468998,
        0.010508501024283825,
        0.009580519815648331,
        0.008295615271005152,
        0.006949602720867587,
        0.005782317008433595,
        0.0049172800154718005,
        0.004364587559023415,
        0.004059058061184577,
        0.003903853652713319,
        0.0038053183074360547,
        0.003695857519156379,
        0.0035439274965017474,
        0.0033513259009637446,
        0.00314164839679438,
        0.002946041962417125,
        0.002790431528238775,
        0.0026855862188312,
        0.002621763015705098,
        0.0025713874681520636,
        0.0025011116304833356,
        0.0023881089145938407,
        0.0022308781890131016,
        0.0020479218040396242,
        0.001866345454777058,
        0.0017087162974149437,
        0.0015854025031228998,
        0.0014939008951994125,
        0.0014225455611925606,
        0.0013559007058158465,
        0.00128048581393539,
        0.0011894965281904202,
        0.0010845678363686465,
        0.0009736157269957862,
        0.0008663008795350709,
        0.000770113108874137,
        0.0006888963908791518,
        0.0006232923224759629,
        0.0005716102072201943,
        0.0005305626339174696,
        0.0004964593008683299,
        0.0004673484047780492,
        0.0004455362564620215,
        0.0004390814391815171,
        0.00046073741428115465,
        0.0005232470186817397,
        0.0006311941090700399,
        0.0007723551557544837,
        0.0009144528942977691,
        0.0010128134011811946,
        0.001028277216773818
    ],
    "demtherm_avg": 77.09512091224452,
    "reptherm_avg": 21.537746363892452
}