{
    "x": [
        0.0,
        1.0,
        2.0,
        3.0,
        4.0,
        5.0,
        6.0,
        7.0,
        8.0,
        9.0,
        10.0,
        11.0,
        12.0,
        13.0,
        14.0,
        15.0,
        16.0,
        17.0,
        18.0,
        19.0,
        20.0,
        21.0,
        22.0,
        23.0,
        24.0,
        25.0,
        26.0,
        27.0,
        28.0,
        29.0,
        30.0,
        31.0,
        32.0,
        33.0,
        34.0,
        35.0,
        36.0,
        37.0,
        38.0,
        39.0,
        40.0,
        41.0,
        42.0,
        43.0,
        44.0,
        45.0,
        46.0,
        47.0,
        48.0,
        49.0,
        50.0,
        51.0,
        52.0,
        53.0,
        54.0,
        55.0,
        56.0,
        57.0,
        58.0,
        59.0,
        60.0,
        61.0,
        62.0,
        63.0,
        64.0,
        65.0,
        66.0,
        67.0,
        68.0,
        69.0,
        70.0,
        71.0,
        72.0,
        73.0,
        74.0,
        75.0,
        76.0,
        77.0,
        78.0,
        79.0,
        80.0,
        81.0,
        82.0,
        83.0,
        84.0,
        85.0,
        86.0,
        87.0,
        88.0,
        89.0,
        90.0,
        91.0,
        92.0,
        93.0,
        94.0,
        95.0,
        96.0,
        97.0,
        98.0,
        99.0,
        100.0
    ],
    "demtherm": [
        0.0004592995158035901,
        0.00047186608032835875,
        0.00045457884937019806,
        0.0004225207065995855,
        0.00039425107920602507,
        0.00038458094879774375,
        0.00039994974439302013,
        0.00043736487085051814,
        0.0004863404569494248,
        0.0005330913709485058,
        0.0005660896711265707,
        0.0005811730161893224,
        0.0005837992016049721,
        0.0005871661383673782,
        0.0006072161273600133,
        0.0006569188912488979,
        0.0007416961554213503,
        0.0008567774657790376,
        0.000987288955114571,
        0.001112301440089801,
        0.0012127731317463925,
        0.0012802131126240426,
        0.0013210487810653105,
        0.0013538490237621778,
        0.001401210586796011,
        0.0014807957557787534,
        0.0015987498797451446,
        0.001746353825919289,
        0.0019006347307383212,
        0.002030674397288349,
        0.00210963617366504,
        0.0021277603819982163,
        0.002098782815144275,
        0.0020555977332764393,
        0.0020378723678817694,
        0.002078105941941952,
        0.0021909276078122923,
        0.0023674449956061863,
        0.002576362676987607,
        0.002774486508539685,
        0.0029263484081349118,
        0.0030262689020668083,
        0.0031123967321146674,
        0.003265198826244924,
        0.0035888355754961788,
        0.0041771605381134055,
        0.005068590014114303,
        0.0062029057689824045,
        0.007406094384177411,
        0.008429390519101245,
        0.009041517948270687,
        0.00913205077528131,
        0.008765670381371802,
        0.008154433401598004,
        0.007567385453735694,
        0.007229392350305833,
        0.007252800950597102,
        0.007616693665054835,
        0.008189509988493457,
        0.008786233644524305,
        0.009244674730278273,
        0.009491828020246165,
        0.009568687576884345,
        0.009603793927135295,
        0.009756458907678251,
        0.01016070927654922,
        0.010885265300531653,
        0.011909205985547466,
        0.013117978323433213,
        0.014335037628452894,
        0.015391055316974614,
        0.01619809245406194,
        0.01678087342033018,
        0.01724782616185988,
        0.017732068057174644,
        0.018343975553000123,
        0.019144128823313636,
        0.020117840202252033,
        0.02115059551661389,
        0.022040020401126178,
        0.022572958883973804,
        0.02263722383024176,
        0.022291506270828654,
        0.0217426324154613,
        0.021252228909917854,
        0.021036528932299285,
        0.021199693819395207,
        0.021699649660976452,
        0.022343022260779003,
        0.022831206497943263,
        0.02287470555120287,
        0.022340033010053478,
        0.021347052372191592,
        0.02025200638370398,
        0.019518605235546698,
        0.019532091916081292,
        0.02041879736957527,
        0.021927534866967493,
        0.023436503616493208,
        0.024135925216351852,
        0.023353780972482745
    ],
    "reptherm": [
        0.039860912535906845,
        0.041518583256075416,
        0.04057833190657749,
        0.03770082735941177,
        0.033896023371931774,
        0.030136202292763613,
        0.027059720073822274,
        0.02486395720464837,
        0.023378330303274675,
        0.022242549532815563,
        0.02110256040091347,
        0.019754462051166738,
        0.01819739437918413,
        0.016594073111558083,
        0.01517300709392508,
        0.014123232272101802,
        0.013523106583572088,
        0.01332038226467471,
        0.013359411563262489,
        0.013440168111436007,
        0.013388018378256986,
        0.013109611648494243,
        0.012613989045671311,
        0.011993206455033994,
        0.011376036521475574,
        0.01087778076057138,
        0.010563796402223338,
        0.010432955147654875,
        0.010421053385770452,
        0.010423527011602051,
        0.01033372704390568,
        0.010084612625098174,
        0.009675714836197735,
        0.009172252264234095,
        0.008677419555657213,
        0.008291348118181392,
        0.008073379535481514,
        0.008020129732348962,
        0.00806632497274721,
        0.008109961593624657,
        0.008055354318682937,
        0.007857962205034454,
        0.007550424860576143,
        0.007235866568487947,
        0.007049455127001509,
        0.007103106638782671,
        0.007434306057063862,
        0.00797847824243048,
        0.008577888667401397,
        0.009028682155095481,
        0.009151467682964164,
        0.00885641996895868,
        0.00817272089609393,
        0.007229384109354287,
        0.006200408467930187,
        0.005243835915554561,
        0.004461315823216369,
        0.0038878595624796367,
        0.003504978332253985,
        0.003263879158058492,
        0.003107927415950498,
        0.002988919148773704,
        0.002875608738288703,
        0.002755082446900606,
        0.0026288742841855542,
        0.0025063152710666915,
        0.0023973851180522665,
        0.0023068434396437886,
        0.002231201472519582,
        0.002159711679993574,
        0.0020791461489787413,
        0.00198001090283746,
        0.001860720609151469,
        0.0017274881897838318,
        0.0015905201412406151,
        0.0014592518211764566,
        0.0013392487193442265,
        0.0012316327264776793,
        0.0011342745476272704,
        0.0010435938592031782,
        0.0009562409150376003,
        0.0008703214943674341,
        0.0007859245725680419,
        0.0007048584356614374,
        0.000629842683814156,
        0.0005636193768160141,
        0.0005082703689692547,
        0.00046469951883309596,
        0.00043220840418702885,
        0.0004084073518805076,
        0.0003899057997816568,
        0.00037390564045882926,
        0.0003601031163841975,
        0.00035174864414435155,
        0.0003548120050757337,
        0.0003750269859444652,
        0.00041380965935707334,
        0.00046506704748066653,
        0.0005150511424741204,
        0.0005462184153491772,
        0.0005438482377322813
    ],
    "demtherm_avg": 77.08362844772408,
    "reptherm_avg": 19.594509561827078
}