{
    "x": [
        0.0,
        1.0,
        2.0,
        3.0,
        4.0,
        5.0,
        6.0,
        7.0,
        8.0,
        9.0,
        10.0,
        11.0,
        12.0,
        13.0,
        14.0,
        15.0,
        16.0,
        17.0,
        18.0,
        19.0,
        20.0,
        21.0,
        22.0,
        23.0,
        24.0,
        25.0,
        26.0,
        27.0,
        28.0,
        29.0,
        30.0,
        31.0,
        32.0,
        33.0,
        34.0,
        35.0,
        36.0,
        37.0,
        38.0,
        39.0,
        40.0,
        41.0,
        42.0,
        43.0,
        44.0,
        45.0,
        46.0,
        47.0,
        48.0,
        49.0,
        50.0,
        51.0,
        52.0,
        53.0,
        54.0,
        55.0,
        56.0,
        57.0,
        58.0,
        59.0,
        60.0,
        61.0,
        62.0,
        63.0,
        64.0,
        65.0,
        66.0,
        67.0,
        68.0,
        69.0,
        70.0,
        71.0,
        72.0,
        73.0,
        74.0,
        75.0,
        76.0,
        77.0,
        78.0,
        79.0,
        80.0,
        81.0,
        82.0,
        83.0,
        84.0,
        85.0,
        86.0,
        87.0,
        88.0,
        89.0,
        90.0,
        91.0,
        92.0,
        93.0,
        94.0,
        95.0,
        96.0,
        97.0,
        98.0,
        99.0,
        100.0
    ],
    "demtherm": [
        0.04087357535476533,
        0.04259602383826253,
        0.04115837413675225,
        0.03743850115874944,
        0.032773538540903806,
        0.028414523774938156,
        0.025136913640410992,
        0.023121368914131954,
        0.022062110741803573,
        0.021401333078441158,
        0.02059518433050617,
        0.019327839145617223,
        0.01760337497568297,
        0.015691479681020873,
        0.013972778031498694,
        0.012770208180974563,
        0.012235089643178812,
        0.012309695293248607,
        0.012758496004397164,
        0.013254811210505937,
        0.013501177518489173,
        0.013339769226906786,
        0.012800313635807567,
        0.01206265209718624,
        0.011361998962282344,
        0.010891821447197901,
        0.010742656650125568,
        0.01088234058218098,
        0.011169874772315704,
        0.011401612071044374,
        0.011386627062061849,
        0.011026910194192012,
        0.010361466300755443,
        0.009548173738201944,
        0.008795135640893674,
        0.008279690852256062,
        0.008088952887383144,
        0.008195483597886364,
        0.00846929779842875,
        0.008724899088347681,
        0.008794222513593266,
        0.008599418942765901,
        0.008190763884006691,
        0.007729888315515738,
        0.007427282915316136,
        0.007461389602106005,
        0.00790558655491301,
        0.008682825662932592,
        0.009567468094490295,
        0.0102493342790307,
        0.010448915956191818,
        0.01003405346311517,
        0.009073596070366285,
        0.007796643309966738,
        0.0064853055711064774,
        0.005365503519016408,
        0.004547907942083638,
        0.004029252302710003,
        0.003731369455394369,
        0.0035494501473456665,
        0.0033918230030211046,
        0.0032040028258666564,
        0.0029748185950536185,
        0.0027264736370501805,
        0.002495371283963027,
        0.002313001760081617,
        0.002193660348161635,
        0.0021308877124213833,
        0.00210138616777192,
        0.0020743157695583374,
        0.0020230077362949667,
        0.0019345781626479072,
        0.0018129903201448726,
        0.0016744887983482276,
        0.00153887907393905,
        0.0014218304707258344,
        0.0013310526509106863,
        0.001265813087894511,
        0.0012182210784103247,
        0.0011759132046564977,
        0.0011264459273695195,
        0.0010623744334292324,
        0.0009844011266290544,
        0.0009005439241603934,
        0.0008218749138160494,
        0.0007574998485997983,
        0.0007112697245690811,
        0.0006810048754710733,
        0.0006597329261836813,
        0.0006383148253938905,
        0.0006089690480689396,
        0.0005687963921338881,
        0.0005218895237960102,
        0.00047885364842638377,
        0.00045355229167678637,
        0.00045784780014475893,
        0.0004957174095540495,
        0.0005588155257490638,
        0.0006262105413039685,
        0.0006702727516994062,
        0.0006675024954886971
    ],
    "reptherm": [
        0.0005660461996489819,
        0.0006108593695010307,
        0.0006147312913253543,
        0.0005938298970674241,
        0.0005707920712148125,
        0.0005648460234456346,
        0.000585553491821481,
        0.0006304145948598368,
        0.0006852442467590606,
        0.000728317862097177,
        0.0007394190443997179,
        0.0007106781671613597,
        0.0006523642653903379,
        0.0005892983560846449,
        0.0005504667683235372,
        0.0005582788674073411,
        0.0006214782644852505,
        0.0007318540560638672,
        0.0008651341050730405,
        0.0009886628128304758,
        0.0010759960199020599,
        0.001121124189035251,
        0.001141789039121852,
        0.0011691073591262493,
        0.0012324709251366184,
        0.0013504986223550027,
        0.001528529232534919,
        0.001755083669715269,
        0.0019959513153284844,
        0.002196805271228299,
        0.0023041406987238406,
        0.0022963224806052877,
        0.0022019739999732902,
        0.0020909744036009567,
        0.002045784096154576,
        0.0021320388838801884,
        0.0023780787646762135,
        0.0027614953233427633,
        0.003205020972433408,
        0.0035948705216163114,
        0.003827976851630973,
        0.003868802741054841,
        0.0037807923637198284,
        0.0037144920689416135,
        0.0038651730487019747,
        0.004419533374797646,
        0.005491514955698396,
        0.007043806580762015,
        0.008829940104814086,
        0.010428113383769099,
        0.011400735534834294,
        0.011507792942491867,
        0.010832228684975,
        0.00973086178737521,
        0.00865856616425651,
        0.007989927529824092,
        0.007919015591106086,
        0.00843221526303559,
        0.0093247708314736,
        0.010265914321592967,
        0.010925173127029092,
        0.01111909212289613,
        0.010891788891413885,
        0.010478939360022515,
        0.010193365473556783,
        0.010311565645693186,
        0.010998071389127582,
        0.012252603656429484,
        0.013880101063164826,
        0.015531729205755974,
        0.01684703257021245,
        0.017630142909255592,
        0.017931844356564537,
        0.017981814907383965,
        0.018052353782251375,
        0.018371634388559644,
        0.01910001011518963,
        0.0202866950495743,
        0.02177787727619526,
        0.02318101410676722,
        0.024003415120198143,
        0.023920210137251104,
        0.022971511415996643,
        0.021535750462108684,
        0.020125804503885122,
        0.019177160504878932,
        0.018930350141975572,
        0.019382715906735046,
        0.020269732380960814,
        0.02111652610817917,
        0.021416201528412684,
        0.020881822042248668,
        0.019614085463658882,
        0.01807028180587314,
        0.01686937697230324,
        0.01655283267139219,
        0.01737561478907909,
        0.019144558588657722,
        0.021164303859004897,
        0.022413207401543078,
        0.021977834232388624
    ],
    "demtherm_avg": 20.559462061313003,
    "reptherm_avg": 75.4000791062831
}