{
    "x": [
        0.0,
        1.0,
        2.0,
        3.0,
        4.0,
        5.0,
        6.0,
        7.0,
        8.0,
        9.0,
        10.0,
        11.0,
        12.0,
        13.0,
        14.0,
        15.0,
        16.0,
        17.0,
        18.0,
        19.0,
        20.0,
        21.0,
        22.0,
        23.0,
        24.0,
        25.0,
        26.0,
        27.0,
        28.0,
        29.0,
        30.0,
        31.0,
        32.0,
        33.0,
        34.0,
        35.0,
        36.0,
        37.0,
        38.0,
        39.0,
        40.0,
        41.0,
        42.0,
        43.0,
        44.0,
        45.0,
        46.0,
        47.0,
        48.0,
        49.0,
        50.0,
        51.0,
        52.0,
        53.0,
        54.0,
        55.0,
        56.0,
        57.0,
        58.0,
        59.0,
        60.0,
        61.0,
        62.0,
        63.0,
        64.0,
        65.0,
        66.0,
        67.0,
        68.0,
        69.0,
        70.0,
        71.0,
        72.0,
        73.0,
        74.0,
        75.0,
        76.0,
        77.0,
        78.0,
        79.0,
        80.0,
        81.0,
        82.0,
        83.0,
        84.0,
        85.0,
        86.0,
        87.0,
        88.0,
        89.0,
        90.0,
        91.0,
        92.0,
        93.0,
        94.0,
        95.0,
        96.0,
        97.0,
        98.0,
        99.0,
        100.0
    ],
    "demtherm": [
        0.040312155688947325,
        0.042042664408853146,
        0.041170610012342825,
        0.03828624819494495,
        0.03435347564823646,
        0.03035280163203707,
        0.026981571443976626,
        0.02451536724170147,
        0.02284381636619208,
        0.021626576916174,
        0.020489013429034968,
        0.019182669842132943,
        0.017661249195548196,
        0.016060647116168024,
        0.014609645013206572,
        0.013519672389707795,
        0.012899238600381661,
        0.012718713964814566,
        0.012828878711826364,
        0.013020322758044866,
        0.013100010296511854,
        0.012955935827358541,
        0.012585240323336492,
        0.012077568915916702,
        0.011566138334398684,
        0.011170899880737323,
        0.010955493598806943,
        0.010908761912717106,
        0.010952327633097605,
        0.01097072206851353,
        0.010855501023864934,
        0.01054809687598928,
        0.010063391567950592,
        0.009483071244212668,
        0.008922256784078675,
        0.008485042570619718,
        0.008227232777418067,
        0.008138993512405638,
        0.008152085627640708,
        0.008168966610423302,
        0.008104041395494317,
        0.007921575296211887,
        0.007654180081552986,
        0.007392967074171425,
        0.007252360311698904,
        0.007322575042061995,
        0.00762688145673306,
        0.008099645576212535,
        0.008596153678963702,
        0.008935461245960159,
        0.008963120719703902,
        0.008607987377205698,
        0.00790660438255807,
        0.006984033564749145,
        0.006002820238370254,
        0.0051066028283873865,
        0.004382716764788737,
        0.003853455396486932,
        0.0034905081261699385,
        0.0032400518319226023,
        0.0030470714847246365,
        0.0028720156293816777,
        0.00269724369283073,
        0.0025241244448929354,
        0.002364216762866872,
        0.0022291909782585118,
        0.002123517606922174,
        0.0020419679371440976,
        0.0019718284491540626,
        0.0018982186106821016,
        0.0018101076924508994,
        0.0017045307346277416,
        0.0015872995651374858,
        0.0014701178381238756,
        0.0013656587409202412,
        0.0012828408263553099,
        0.0012239655205516437,
        0.0011842604701206366,
        0.0011535693360040053,
        0.00111959943071088,
        0.0010718592402116462,
        0.001005019239845419,
        0.0009203652621325268,
        0.0008247465121716189,
        0.0007276590890118185,
        0.0006379491186378085,
        0.0005614801968288452,
        0.0005002945492007402,
        0.0004530775765058765,
        0.0004165039366965804,
        0.000387065313751552,
        0.0003628955717741599,
        0.0003449342691205843,
        0.0003368055411540946,
        0.00034319320482702475,
        0.0003671136130655778,
        0.00040706891558554413,
        0.0004554033655270518,
        0.000499058567985497,
        0.000523091531248868,
        0.0005158909099873675
    ],
    "reptherm": [
        0.0004861910335605284,
        0.0005308528387534548,
        0.0005488543825667997,
        0.0005473147650553937,
        0.0005384134671120266,
        0.0005344783388834757,
        0.0005434355864985409,
        0.0005660942777280215,
        0.0005960683886586741,
        0.0006226076532334568,
        0.0006356807597248061,
        0.000631320966779953,
        0.000614567974785052,
        0.0005983111713861327,
        0.0005984981233216324,
        0.0006279335107423368,
        0.000691233664776027,
        0.0007827996940113934,
        0.000888723656663293,
        0.0009923679526294487,
        0.0010816665741728456,
        0.0011547484571700233,
        0.001220901313731379,
        0.0012965352613461885,
        0.0013985668799837497,
        0.0015380386471869304,
        0.0017151207546265885,
        0.0019158137652436364,
        0.002112162137032862,
        0.002269022031188799,
        0.00235776487666777,
        0.002371467721894682,
        0.002332692431573852,
        0.00228817443439119,
        0.0022923351139147474,
        0.0023870842170510952,
        0.0025855958888784066,
        0.002865159658622787,
        0.0031723032426548884,
        0.003441459133313655,
        0.0036236645720310982,
        0.0037151836513730227,
        0.003773055484323552,
        0.003908795121025861,
        0.004259389571484443,
        0.004940867045681644,
        0.005994370955675234,
        0.007342228373501667,
        0.008779491368327825,
        0.010021765157892132,
        0.010803554323844975,
        0.010985552429165284,
        0.010614373128585331,
        0.009902206320401116,
        0.009140472672006838,
        0.008594116208603304,
        0.008421322730014122,
        0.008639734284834295,
        0.009139635837797212,
        0.009735693236596314,
        0.010242107121878815,
        0.010545801405731336,
        0.010648232570535529,
        0.010659335997995935,
        0.010750569415666801,
        0.011089675650433565,
        0.011779585322944751,
        0.012817576648634366,
        0.01408854007222392,
        0.015401989780385122,
        0.01656471540900014,
        0.01745627586717021,
        0.018067827587404325,
        0.018488838614016005,
        0.0188600916107743,
        0.01932174145083521,
        0.019967896020801807,
        0.020804904314176954,
        0.02172288481965059,
        0.022510384475494215,
        0.02293155784488027,
        0.02283902672983736,
        0.022257109891789247,
        0.021382532935842774,
        0.020504029895757066,
        0.019888123602641774,
        0.01968247712220577,
        0.01986526551152245,
        0.020251355813425197,
        0.020559179059829454,
        0.020526432640006954,
        0.020032970630567564,
        0.019171306184038495,
        0.018224471961408997,
        0.01755711251190825,
        0.017463248950371955,
        0.018024744836328172,
        0.01903063819883813,
        0.020001196600429667,
        0.020336839487332375,
        0.01955358096478934
    ],
    "demtherm_avg": 19.392425879500134,
    "reptherm_avg": 75.20227403903804
}