{
    "x": [
        0.0,
        1.0,
        2.0,
        3.0,
        4.0,
        5.0,
        6.0,
        7.0,
        8.0,
        9.0,
        10.0,
        11.0,
        12.0,
        13.0,
        14.0,
        15.0,
        16.0,
        17.0,
        18.0,
        19.0,
        20.0,
        21.0,
        22.0,
        23.0,
        24.0,
        25.0,
        26.0,
        27.0,
        28.0,
        29.0,
        30.0,
        31.0,
        32.0,
        33.0,
        34.0,
        35.0,
        36.0,
        37.0,
        38.0,
        39.0,
        40.0,
        41.0,
        42.0,
        43.0,
        44.0,
        45.0,
        46.0,
        47.0,
        48.0,
        49.0,
        50.0,
        51.0,
        52.0,
        53.0,
        54.0,
        55.0,
        56.0,
        57.0,
        58.0,
        59.0,
        60.0,
        61.0,
        62.0,
        63.0,
        64.0,
        65.0,
        66.0,
        67.0,
        68.0,
        69.0,
        70.0,
        71.0,
        72.0,
        73.0,
        74.0,
        75.0,
        76.0,
        77.0,
        78.0,
        79.0,
        80.0,
        81.0,
        82.0,
        83.0,
        84.0,
        85.0,
        86.0,
        87.0,
        88.0,
        89.0,
        90.0,
        91.0,
        92.0,
        93.0,
        94.0,
        95.0,
        96.0,
        97.0,
        98.0,
        99.0,
        100.0
    ],
    "demtherm": [
        0.0005258694767591821,
        0.0005502011921699037,
        0.0005333179027309362,
        0.0004967270882025209,
        0.00046400723929553977,
        0.0004518108519640998,
        0.0004680964386597702,
        0.0005124662464315849,
        0.0005746868060250575,
        0.0006350660754958026,
        0.0006720774203095379,
        0.0006746532711643255,
        0.0006491918704584421,
        0.0006151334519884409,
        0.000594078612739019,
        0.0006021039359448599,
        0.0006480170956261884,
        0.0007321613803761109,
        0.0008426128203735889,
        0.0009547004428347982,
        0.0010412408147168898,
        0.001089533760345138,
        0.0011105578391230866,
        0.0011314761010782245,
        0.0011795331447888963,
        0.0012723601218227246,
        0.0014176445389769408,
        0.0016114924746413635,
        0.0018301854193135323,
        0.002027604307874966,
        0.0021529772233221203,
        0.002181892849111032,
        0.002134090539238023,
        0.0020620135573181813,
        0.0020233542684749786,
        0.0020619428635839233,
        0.0022022734287788673,
        0.0024431732939244047,
        0.0027449297880038554,
        0.0030285789507272743,
        0.0032073327698556526,
        0.003238970118056832,
        0.003162119702354544,
        0.003093705762705936,
        0.0032000633389235684,
        0.003660446681473421,
        0.004612503016434221,
        0.006061422459764908,
        0.007789603731854483,
        0.009366706166662898,
        0.010322875932681462,
        0.01040206150176151,
        0.009707325494172537,
        0.008626643629766288,
        0.007617405685710026,
        0.007020714511722733,
        0.0069901742991944895,
        0.007492715979302319,
        0.008326569107299744,
        0.009175950875740085,
        0.009739373965528547,
        0.009883440265220235,
        0.009705716875124693,
        0.009454227674375593,
        0.009386242648090331,
        0.009686681714944861,
        0.01046064796764501,
        0.011715036018902733,
        0.013294681390865115,
        0.01486837298440475,
        0.016065717000617128,
        0.01669834176690784,
        0.016865659922934713,
        0.01684625423617269,
        0.016907317559545373,
        0.017228205490074908,
        0.01794376221877797,
        0.01913426219556632,
        0.020684200912251247,
        0.02218254963854699,
        0.023079094042964175,
        0.023038263788232743,
        0.022174122785065236,
        0.0209517691879107,
        0.019886351115253463,
        0.019331993958722725,
        0.019459420890818382,
        0.020270932927271928,
        0.021531987819282238,
        0.022731822540979076,
        0.023258154688621285,
        0.02274754598436602,
        0.02133785520568562,
        0.019618169642040828,
        0.01835717928715972,
        0.01822670898071188,
        0.01959062012860628,
        0.02228197363432439,
        0.02542017196197253,
        0.027550694327387923,
        0.027283601684874734
    ],
    "reptherm": [
        0.0395202314373235,
        0.04110517168070617,
        0.03961134859318248,
        0.03599504099227791,
        0.031614763509971465,
        0.027661928518116496,
        0.024802860682898165,
        0.023117749047668543,
        0.022250961246342956,
        0.02165252336164401,
        0.020826384281769476,
        0.01951917646750123,
        0.017787896673293013,
        0.015926444110740515,
        0.014303500340432826,
        0.013203745171501028,
        0.012736143812217486,
        0.012816649460729105,
        0.01320603395550786,
        0.013590599934921904,
        0.013693255508958254,
        0.013377460812802054,
        0.012690831659617766,
        0.01182396782232931,
        0.01101495522571386,
        0.01045717792606333,
        0.010245598696759933,
        0.010359381178163561,
        0.010669419040418128,
        0.010974449070850377,
        0.011071167891381625,
        0.010837479763926771,
        0.010284338995929523,
        0.009544993914425362,
        0.008812040539945514,
        0.008261363387644147,
        0.007995364685584512,
        0.008015058161839318,
        0.008220923545427113,
        0.008446541767656041,
        0.00852449538299144,
        0.008362759947410491,
        0.00799328008654561,
        0.00756548583014286,
        0.007288795029743227,
        0.0073509286267795185,
        0.007839649981865229,
        0.008689119707041606,
        0.009673521274349544,
        0.010468299228208813,
        0.010771362122234025,
        0.010431176157806124,
        0.009508803766524474,
        0.008236978583864261,
        0.006906894902716224,
        0.005754336622928885,
        0.004900605602254292,
        0.004355401245887875,
        0.0040543091093352985,
        0.0039017048572518673,
        0.0038050290376315673,
        0.0036972939331074038,
        0.0035469645935695465,
        0.0033554356766493944,
        0.003145823269553007,
        0.002948978587415546,
        0.002790806021637179,
        0.0026823241266942014,
        0.002614286163700365,
        0.0025597956480240634,
        0.0024862109315858054,
        0.0023712502418493215,
        0.002213683400538107,
        0.0020320111075209893,
        0.0018531041150844573,
        0.0016990758382782439,
        0.0015796623358284086,
        0.0014917041850713603,
        0.0014230906176920853,
        0.0013582982774984988,
        0.0012840354114821433,
        0.0011937178118336972,
        0.001089041225441361,
        0.0009778414362178393,
        0.0008697290678152584,
        0.0007723105192561266,
        0.0006896991557405995,
        0.00062284334544683,
        0.000570298947797246,
        0.0005289368565758038,
        0.0004951401610033987,
        0.0004669363680771163,
        0.0004465044309238024,
        0.0004416822402267102,
        0.00046494595714973477,
        0.0005287445318554937,
        0.0006374059894526957,
        0.0007785861191044987,
        0.0009201260806428385,
        0.0010177051568602622,
        0.0010325679726215606
    ],
    "demtherm_avg": 77.08647487185866,
    "reptherm_avg": 21.4940105285954
}