{
    "x": [
        0.0,
        1.0,
        2.0,
        3.0,
        4.0,
        5.0,
        6.0,
        7.0,
        8.0,
        9.0,
        10.0,
        11.0,
        12.0,
        13.0,
        14.0,
        15.0,
        16.0,
        17.0,
        18.0,
        19.0,
        20.0,
        21.0,
        22.0,
        23.0,
        24.0,
        25.0,
        26.0,
        27.0,
        28.0,
        29.0,
        30.0,
        31.0,
        32.0,
        33.0,
        34.0,
        35.0,
        36.0,
        37.0,
        38.0,
        39.0,
        40.0,
        41.0,
        42.0,
        43.0,
        44.0,
        45.0,
        46.0,
        47.0,
        48.0,
        49.0,
        50.0,
        51.0,
        52.0,
        53.0,
        54.0,
        55.0,
        56.0,
        57.0,
        58.0,
        59.0,
        60.0,
        61.0,
        62.0,
        63.0,
        64.0,
        65.0,
        66.0,
        67.0,
        68.0,
        69.0,
        70.0,
        71.0,
        72.0,
        73.0,
        74.0,
        75.0,
        76.0,
        77.0,
        78.0,
        79.0,
        80.0,
        81.0,
        82.0,
        83.0,
        84.0,
        85.0,
        86.0,
        87.0,
        88.0,
        89.0,
        90.0,
        91.0,
        92.0,
        93.0,
        94.0,
        95.0,
        96.0,
        97.0,
        98.0,
        99.0,
        100.0
    ],
    "demtherm": [
        0.039959439925386794,
        0.041633774212712193,
        0.04086961404704593,
        0.03818484329903505,
        0.034439905607142086,
        0.030530847399034226,
        0.02712206096052592,
        0.024511925648101347,
        0.02265069521254195,
        0.021268785377024674,
        0.020045752811390562,
        0.018753150973097512,
        0.017327446408810183,
        0.015861859940691076,
        0.014537150946321669,
        0.01352964190632946,
        0.012934879406364107,
        0.012731670067193257,
        0.012793189226531903,
        0.012936059824990699,
        0.012986883846925479,
        0.01284040069409,
        0.012487351387795873,
        0.012003654166553171,
        0.011509487991262474,
        0.011117887611285711,
        0.010892659849212975,
        0.01082805006544007,
        0.01085399459411481,
        0.010863889087464901,
        0.010755597983013196,
        0.010470995110941144,
        0.01001823336675041,
        0.009467398473382368,
        0.00892202826435146,
        0.008479349105045131,
        0.008195448821586293,
        0.008067865379084148,
        0.008040831483311752,
        0.008030754560876792,
        0.00796268006558467,
        0.00780386395381802,
        0.007580611807042927,
        0.0073705262673983305,
        0.007272064415868929,
        0.007362301288872524,
        0.007658533896657544,
        0.008098955100002025,
        0.008552321621701692,
        0.00885657217040302,
        0.008873726273101746,
        0.0085388628962447,
        0.007881560030100281,
        0.007010806817512356,
        0.00607234906221367,
        0.005199546853977021,
        0.004478323116648855,
        0.003936105488460652,
        0.0035521766854986663,
        0.003279536529462491,
        0.0030676912903326646,
        0.002879075304816293,
        0.0026960262436858903,
        0.0025188411278316064,
        0.0023579581005317607,
        0.0022244498975272768,
        0.0021226498533343957,
        0.0020472138889594585,
        0.001984966768409005,
        0.0019201381103429599,
        0.0018404897082577236,
        0.0017416849149241157,
        0.001628186618776876,
        0.0015106414265511645,
        0.0014012513039497573,
        0.0013092260094980154,
        0.0012379179986155295,
        0.001184253972111364,
        0.001140262572210044,
        0.0010960364044954344,
        0.001043160677823796,
        0.0009774363265216772,
        0.0008998904919294603,
        0.0008157822999912055,
        0.0007322529138735263,
        0.0006557995082553684,
        0.0005905509875140668,
        0.0005376911220393097,
        0.0004958704221151721,
        0.0004623049939892226,
        0.00043426756355637383,
        0.0004105703831889403,
        0.00039246633743037006,
        0.0003834187673607782,
        0.000387558901900267,
        0.00040723463122723836,
        0.0004405882394328896,
        0.0004803409217596238,
        0.0005147209553881739,
        0.0005306657635078864,
        0.0005182686001287654
    ],
    "reptherm": [
        0.0005114560250734405,
        0.0005582112046554141,
        0.0005790307327358446,
        0.000580446352835705,
        0.0005736483758638435,
        0.0005699477550428937,
        0.000576566082981588,
        0.0005942115042615766,
        0.0006171973693096137,
        0.0006361852594050446,
        0.0006427673628928837,
        0.0006341091474070679,
        0.0006154532990574554,
        0.0005990789060142938,
        0.0006000154718989122,
        0.0006303449324166146,
        0.000694451912085681,
        0.0007871288800151208,
        0.0008954428629447179,
        0.0010039233333299365,
        0.0011010988195360356,
        0.0011844274805534484,
        0.0012612389121826602,
        0.001345416362910005,
        0.0014516417008243329,
        0.001589468420897833,
        0.001758535745423073,
        0.0019457449415426274,
        0.0021260333761269705,
        0.0022687752300051887,
        0.002349559736022223,
        0.0023628355304996804,
        0.0023284701240090713,
        0.002287593531979525,
        0.002288762522872754,
        0.0023701830074359612,
        0.0025448268593371,
        0.0027937864742431048,
        0.0030711272118179142,
        0.003320800070428277,
        0.0035018046167258265,
        0.0036128772657673166,
        0.0037060002926050887,
        0.0038809911739092528,
        0.004259428107495482,
        0.004942183557483354,
        0.005960807750479029,
        0.007240144808776594,
        0.008594210864006411,
        0.009770420238593884,
        0.010534483431931845,
        0.010760996980597253,
        0.01048459947392403,
        0.009885424840400392,
        0.00921834619504414,
        0.008722087382674562,
        0.008546061008137993,
        0.008716440414505965,
        0.009145233871596586,
        0.00967505557338249,
        0.010144433354601756,
        0.010451165223015521,
        0.01058984805328284,
        0.010649961101944678,
        0.010778354695708823,
        0.011123092473219092,
        0.011778435432126878,
        0.012747804759342885,
        0.013937990809398018,
        0.015190696130152068,
        0.016342004084412227,
        0.01728316765728849,
        0.017993276497859347,
        0.018532248842825005,
        0.019006146151157127,
        0.019524650240765405,
        0.02016076794956398,
        0.020915050630409722,
        0.02169478027886465,
        0.022329677976163503,
        0.022635194303246054,
        0.02250097036201104,
        0.02195547104417548,
        0.021166928040693384,
        0.020379743778747062,
        0.019820625278165884,
        0.01961584043215216,
        0.019746947997917055,
        0.02005726510536049,
        0.02031077694730966,
        0.020289781302024412,
        0.019895902387400757,
        0.019207754126242156,
        0.018463156322231535,
        0.017967900430246892,
        0.017964154043348942,
        0.018505947153763868,
        0.019390332443234695,
        0.020184290504402284,
        0.020359902041749884,
        0.0194984493285945
    ],
    "demtherm_avg": 19.371576527812856,
    "reptherm_avg": 75.27839584284148
}