{
    "x": [
        0.0,
        1.0,
        2.0,
        3.0,
        4.0,
        5.0,
        6.0,
        7.0,
        8.0,
        9.0,
        10.0,
        11.0,
        12.0,
        13.0,
        14.0,
        15.0,
        16.0,
        17.0,
        18.0,
        19.0,
        20.0,
        21.0,
        22.0,
        23.0,
        24.0,
        25.0,
        26.0,
        27.0,
        28.0,
        29.0,
        30.0,
        31.0,
        32.0,
        33.0,
        34.0,
        35.0,
        36.0,
        37.0,
        38.0,
        39.0,
        40.0,
        41.0,
        42.0,
        43.0,
        44.0,
        45.0,
        46.0,
        47.0,
        48.0,
        49.0,
        50.0,
        51.0,
        52.0,
        53.0,
        54.0,
        55.0,
        56.0,
        57.0,
        58.0,
        59.0,
        60.0,
        61.0,
        62.0,
        63.0,
        64.0,
        65.0,
        66.0,
        67.0,
        68.0,
        69.0,
        70.0,
        71.0,
        72.0,
        73.0,
        74.0,
        75.0,
        76.0,
        77.0,
        78.0,
        79.0,
        80.0,
        81.0,
        82.0,
        83.0,
        84.0,
        85.0,
        86.0,
        87.0,
        88.0,
        89.0,
        90.0,
        91.0,
        92.0,
        93.0,
        94.0,
        95.0,
        96.0,
        97.0,
        98.0,
        99.0,
        100.0
    ],
    "demtherm": [
        0.040332010818918004,
        0.04204730279840133,
        0.04118801403133554,
        0.03833088131191664,
        0.03441943079814593,
        0.030416965006764225,
        0.027013836030555686,
        0.024490575505161233,
        0.022750850195124215,
        0.02147192090475059,
        0.020294062188653914,
        0.01897609575654544,
        0.017469655575939297,
        0.01590136906608103,
        0.014488179795348619,
        0.013431674641678,
        0.012835080585099433,
        0.012668258221095378,
        0.012784859053003897,
        0.012979632231059527,
        0.013062928344597614,
        0.012924056675830038,
        0.012559435270282296,
        0.012057171836196673,
        0.011549557078050382,
        0.011156797312144773,
        0.010943501483726298,
        0.01089942972800321,
        0.010946756890452061,
        0.010970327294572592,
        0.010861795291700537,
        0.01056212694554423,
        0.010084786985085957,
        0.009509177953078164,
        0.008947939227697101,
        0.008503440842806957,
        0.008231404573611078,
        0.008124103205620962,
        0.008117496195930565,
        0.00811929342353659,
        0.008048342848592335,
        0.007870644840141543,
        0.007616969156130737,
        0.007373704527000023,
        0.007249540909745441,
        0.007330054249059658,
        0.0076365139395985155,
        0.008104511910387982,
        0.008593266977860718,
        0.008926869711156433,
        0.008954791791686336,
        0.008606892984535616,
        0.007917489986067828,
        0.007007572301563109,
        0.006035927611987436,
        0.005144314848466814,
        0.00442027632015884,
        0.0038875356811050817,
        0.0035193490665880968,
        0.0032629360328611345,
        0.0030636953262903658,
        0.002882112193714344,
        0.002700581540189416,
        0.0025208283702292085,
        0.0023551967032992664,
        0.002216363512039945,
        0.002109574781819542,
        0.0020297027267148693,
        0.001963301447979791,
        0.0018941478609032394,
        0.0018097338851369375,
        0.0017059757620526026,
        0.0015882520120712852,
        0.0014686054305226895,
        0.0013606764579851222,
        0.0012746572132706236,
        0.0012140233512529784,
        0.0011747162775388046,
        0.0011466390588458313,
        0.0011169367135140727,
        0.00107416194958809,
        0.0010119614302588648,
        0.0009308331664854764,
        0.0008372587969737653,
        0.0007408023631008501,
        0.0006506788220054712,
        0.000573219954148729,
        0.0005108703446043586,
        0.00046258443635069363,
        0.0004251911150587925,
        0.0003952683468130613,
        0.00037099552533748797,
        0.00035331612158093396,
        0.0003458053458537998,
        0.00035304029691972676,
        0.0003778815510109922,
        0.00041865366782048495,
        0.0004675467015821599,
        0.000511416185065226,
        0.0005353134026301552,
        0.0005276664757745389
    ],
    "reptherm": [
        0.0004929582673974516,
        0.0005381390260531829,
        0.00055645041428604,
        0.0005547055820101114,
        0.0005447131647840747,
        0.000538552730376708,
        0.000544222055932653,
        0.0005630367243020338,
        0.0005894978388472923,
        0.000613861713831442,
        0.0006268310643439241,
        0.0006245706131144277,
        0.0006115777352965061,
        0.0005997600372184534,
        0.0006040393029818631,
        0.0006364940182696852,
        0.0007014837176152883,
        0.0007936247339113057,
        0.0008995799325554412,
        0.0010034231561282393,
        0.0010936577513315194,
        0.0011685916389796317,
        0.0012372160502422207,
        0.0013152782423471187,
        0.0014188674074903803,
        0.0015582194192661758,
        0.0017328924722668005,
        0.0019286843587758393,
        0.0021180229494296206,
        0.0022666585878418845,
        0.002346944702616201,
        0.002352496795505392,
        0.0023057436022362685,
        0.0022528616359472247,
        0.0022477674082649595,
        0.0023322841421310903,
        0.002520088111861498,
        0.0027896845800215024,
        0.0030896025966035763,
        0.0033567819547249468,
        0.0035444341921053576,
        0.0036495693334153497,
        0.0037278533332199756,
        0.003887437859819833,
        0.004260760697340459,
        0.004959232516960554,
        0.006020605198251867,
        0.0073664380065879866,
        0.008794574621114954,
        0.010026434991884431,
        0.01080292274192715,
        0.010988458544060381,
        0.010628725005117742,
        0.009930945010300452,
        0.009180185066030792,
        0.008636505030320728,
        0.008456355530524599,
        0.008659114736302582,
        0.009139632911192954,
        0.009718536342677308,
        0.010215279963870734,
        0.0105192598644733,
        0.010630671347902717,
        0.010655162383486376,
        0.010758683916373243,
        0.011104163709959404,
        0.011791933368011775,
        0.012819991144123062,
        0.014077559931863949,
        0.015380753497653723,
        0.016542147125577753,
        0.017443028757345727,
        0.018071109451228654,
        0.01850905236440339,
        0.01889068024062901,
        0.01935138227228426,
        0.019983479815255827,
        0.02079466916247788,
        0.021679713857303377,
        0.022434454628094083,
        0.02283056422756438,
        0.022725089354082316,
        0.022141893268678672,
        0.02127352983981592,
        0.02040376006019282,
        0.019795587016496752,
        0.019595202315493367,
        0.019781235283692036,
        0.020171027150639967,
        0.020487227341843956,
        0.020471788187436238,
        0.020006209482839432,
        0.019180503173690307,
        0.01827197096438122,
        0.017638766456524176,
        0.017569737226324402,
        0.01814385962472969,
        0.01915019595774126,
        0.020112554088230802,
        0.02043779424433791,
        0.019648363141228326
    ],
    "demtherm_avg": 19.39183888382149,
    "reptherm_avg": 75.23550327102481
}