{
    "x": [
        0.0,
        1.0,
        2.0,
        3.0,
        4.0,
        5.0,
        6.0,
        7.0,
        8.0,
        9.0,
        10.0,
        11.0,
        12.0,
        13.0,
        14.0,
        15.0,
        16.0,
        17.0,
        18.0,
        19.0,
        20.0,
        21.0,
        22.0,
        23.0,
        24.0,
        25.0,
        26.0,
        27.0,
        28.0,
        29.0,
        30.0,
        31.0,
        32.0,
        33.0,
        34.0,
        35.0,
        36.0,
        37.0,
        38.0,
        39.0,
        40.0,
        41.0,
        42.0,
        43.0,
        44.0,
        45.0,
        46.0,
        47.0,
        48.0,
        49.0,
        50.0,
        51.0,
        52.0,
        53.0,
        54.0,
        55.0,
        56.0,
        57.0,
        58.0,
        59.0,
        60.0,
        61.0,
        62.0,
        63.0,
        64.0,
        65.0,
        66.0,
        67.0,
        68.0,
        69.0,
        70.0,
        71.0,
        72.0,
        73.0,
        74.0,
        75.0,
        76.0,
        77.0,
        78.0,
        79.0,
        80.0,
        81.0,
        82.0,
        83.0,
        84.0,
        85.0,
        86.0,
        87.0,
        88.0,
        89.0,
        90.0,
        91.0,
        92.0,
        93.0,
        94.0,
        95.0,
        96.0,
        97.0,
        98.0,
        99.0,
        100.0
    ],
    "demtherm": [
        0.00045117432314142496,
        0.00046583184236898256,
        0.00045217056152160656,
        0.00042394189534537027,
        0.00039829232058753017,
        0.00038915052438852224,
        0.0004029061348737018,
        0.00043733031930145863,
        0.0004832722490291164,
        0.0005284283796911775,
        0.0005623456969887086,
        0.000581058808098081,
        0.0005892414683680903,
        0.0005986747708887849,
        0.0006238045154074721,
        0.0006764391170737675,
        0.0007613447445010707,
        0.0008736825302711908,
        0.000999202247973144,
        0.001118279128233239,
        0.0012135278809131266,
        0.0012779016389797555,
        0.001318623714599027,
        0.0013543550913007638,
        0.0014072646135672943,
        0.0014941894227584894,
        0.0016200816956585431,
        0.0017748424834620122,
        0.0019343520844302441,
        0.002067125207255611,
        0.00214627431637779,
        0.002162163969249544,
        0.0021286934268252805,
        0.002079217414040361,
        0.00205441858111224,
        0.00208816352613601,
        0.0021962529323530204,
        0.0023704520900136657,
        0.0025798065798497195,
        0.0027814907306507957,
        0.002940419272530498,
        0.003050971168204908,
        0.0031507961137122783,
        0.0033192766622038177,
        0.003658705586127936,
        0.00425991555418787,
        0.005157551288488072,
        0.006288901141895771,
        0.0074813858667696805,
        0.008492117373368092,
        0.00909684032709946,
        0.0091881396246025,
        0.008827015205928355,
        0.008217325132101801,
        0.007620468379496189,
        0.007258205495282327,
        0.007245274538340865,
        0.0075675025239318365,
        0.008102496671445083,
        0.008674060631023502,
        0.00912484683503084,
        0.009380098636370529,
        0.009473369612681847,
        0.009524354239021784,
        0.009686323037860985,
        0.01009105350517348,
        0.010807306237231149,
        0.011815788913461358,
        0.0130063465100858,
        0.01420980321924143,
        0.015263714251357207,
        0.016081564798169502,
        0.016682792973801406,
        0.017168000597797644,
        0.01766491608224446,
        0.01828141313008632,
        0.019075390499775368,
        0.020028864541544403,
        0.021028287147811492,
        0.021881315206802168,
        0.022391337556933583,
        0.02245961805962698,
        0.022146847341580744,
        0.021650224112980992,
        0.021216436893995057,
        0.02104754908388667,
        0.021237050619113986,
        0.021737640692151106,
        0.022359379662186665,
        0.022817169290741738,
        0.02284039897838988,
        0.02231039256681698,
        0.02135032584863429,
        0.02030770607084209,
        0.019629964463903717,
        0.019683657600867478,
        0.020579141934986528,
        0.02205919019453246,
        0.02351307965687608,
        0.024158369255376417,
        0.02335286678491412
    ],
    "reptherm": [
        0.040086932457255295,
        0.04174383394550536,
        0.04078814921536275,
        0.03788225495838526,
        0.034040805024537144,
        0.030242819089533104,
        0.02713335527342627,
        0.02491431117253995,
        0.023416296683618172,
        0.02227711991196039,
        0.02113889610262812,
        0.019793371285675206,
        0.018235944477237902,
        0.016626869671901346,
        0.01519371421855343,
        0.01412610171665087,
        0.013504477028274562,
        0.013280081213712268,
        0.013301683977772497,
        0.013373480647379915,
        0.013323307806083214,
        0.013057335342078057,
        0.012581152786691967,
        0.011981684713067061,
        0.011382800728481409,
        0.010896664732144618,
        0.010587859016864272,
        0.010456556420235668,
        0.010441122048431797,
        0.010439818211750525,
        0.010348117560004269,
        0.01009977312164388,
        0.00969376094304035,
        0.009193962214497774,
        0.008702231306753799,
        0.008317872077741269,
        0.00809995467775883,
        0.008045122945046982,
        0.008088195562099783,
        0.008127276288447052,
        0.008066848824071608,
        0.007862559400246454,
        0.007547053570137041,
        0.007223067985766997,
        0.007025029652874908,
        0.007064235951732713,
        0.00737846796080894,
        0.0079049930368738,
        0.008489337336074269,
        0.008931204839032265,
        0.009053439394837113,
        0.00876600365790147,
        0.008095572742616356,
        0.007167665416382323,
        0.006153314959096808,
        0.005208884913063803,
        0.004435410111946807,
        0.003867715162028147,
        0.0034872162916736713,
        0.0032452968334652425,
        0.0030861150849518884,
        0.0029629129975857474,
        0.0028461173136431774,
        0.002724068041435809,
        0.002598660636816518,
        0.0024786345388101466,
        0.0023727578338946943,
        0.002284484310993102,
        0.0022094092442870752,
        0.0021365382367450536,
        0.0020530799115526027,
        0.0019504365364326984,
        0.0018280062254174372,
        0.0016926858457197113,
        0.0015548218020378975,
        0.0014234634240279027,
        0.0013035472359255507,
        0.001195715570748644,
        0.0010977700398221886,
        0.001006440430715629,
        0.000918791210039237,
        0.0008331537827357677,
        0.0007495627159944014,
        0.0006696328397642158,
        0.0005959593500213578,
        0.0005313105251635541,
        0.00047785552615291427,
        0.00043650605279271044,
        0.00040644086505583707,
        0.00038507380798705556,
        0.0003688085636428957,
        0.0003546069420381,
        0.0003417900653493693,
        0.00033303858226007644,
        0.0003336620679181677,
        0.0003489420937812131,
        0.0003804402012996,
        0.0004230790084264005,
        0.00046493189765891007,
        0.0004905920323754378,
        0.00048702556336613904
    ],
    "demtherm_avg": 77.09030832438938,
    "reptherm_avg": 19.43313958720158
}