{
    "x": [
        0.0,
        1.0,
        2.0,
        3.0,
        4.0,
        5.0,
        6.0,
        7.0,
        8.0,
        9.0,
        10.0,
        11.0,
        12.0,
        13.0,
        14.0,
        15.0,
        16.0,
        17.0,
        18.0,
        19.0,
        20.0,
        21.0,
        22.0,
        23.0,
        24.0,
        25.0,
        26.0,
        27.0,
        28.0,
        29.0,
        30.0,
        31.0,
        32.0,
        33.0,
        34.0,
        35.0,
        36.0,
        37.0,
        38.0,
        39.0,
        40.0,
        41.0,
        42.0,
        43.0,
        44.0,
        45.0,
        46.0,
        47.0,
        48.0,
        49.0,
        50.0,
        51.0,
        52.0,
        53.0,
        54.0,
        55.0,
        56.0,
        57.0,
        58.0,
        59.0,
        60.0,
        61.0,
        62.0,
        63.0,
        64.0,
        65.0,
        66.0,
        67.0,
        68.0,
        69.0,
        70.0,
        71.0,
        72.0,
        73.0,
        74.0,
        75.0,
        76.0,
        77.0,
        78.0,
        79.0,
        80.0,
        81.0,
        82.0,
        83.0,
        84.0,
        85.0,
        86.0,
        87.0,
        88.0,
        89.0,
        90.0,
        91.0,
        92.0,
        93.0,
        94.0,
        95.0,
        96.0,
        97.0,
        98.0,
        99.0,
        100.0
    ],
    "demtherm": [
        0.00047897059468127206,
        0.000508734392887806,
        0.0005086660999220038,
        0.0004946191283421631,
        0.00048509917837112637,
        0.0004942809789253736,
        0.0005286881574431222,
        0.000585887353998468,
        0.0006540212172941772,
        0.0007142610628989695,
        0.0007482072601042748,
        0.0007474417462721777,
        0.0007186505836640675,
        0.0006804916653128891,
        0.0006551523428834751,
        0.0006606472882041054,
        0.0007065228301262744,
        0.0007913271248618026,
        0.0009010513435804639,
        0.0010117298367983319,
        0.0010990678403400194,
        0.0011513180222194911,
        0.0011762502483777663,
        0.0011967891236240838,
        0.0012395406434757247,
        0.0013247811330756993,
        0.0014611050290645655,
        0.0016415737867198229,
        0.0018405684254639077,
        0.002017631656700719,
        0.0021334414399280547,
        0.002171067229120799,
        0.002146908422746222,
        0.002102930503920807,
        0.002087819584702391,
        0.0021406663061111332,
        0.002281536843337564,
        0.0025040375708547525,
        0.002769615070283188,
        0.0030140746626109217,
        0.003174557269561585,
        0.003227417910861846,
        0.0032143236785356607,
        0.003241856938543276,
        0.003457740669970899,
        0.004010725144070755,
        0.00499172702638125,
        0.006360060756052749,
        0.007893476716981597,
        0.009224974634322565,
        0.009988773021957189,
        0.01000465344819108,
        0.009376040646914077,
        0.008433265289550504,
        0.0075718446205277085,
        0.007097380940252576,
        0.0071457124786985455,
        0.007671376699491718,
        0.008476752946963016,
        0.009281483684715331,
        0.009834698327759836,
        0.010028124801177084,
        0.009938842916788935,
        0.00977361094898477,
        0.009765082188719257,
        0.010093160773346134,
        0.010850199110332475,
        0.01201662838151067,
        0.013436540706820502,
        0.014840595690265364,
        0.015954584660479294,
        0.016641393792821528,
        0.016963778395116046,
        0.017119399179654386,
        0.01732315964126683,
        0.017741805873890595,
        0.018486944025105284,
        0.019586136850653,
        0.02090564988357126,
        0.022121684211261875,
        0.02284379817579005,
        0.022841859122179932,
        0.02219469234480006,
        0.02123831409047427,
        0.020379587507752536,
        0.01993516760001912,
        0.020065892489821234,
        0.02075107355709687,
        0.021756234330339116,
        0.02265401557653695,
        0.022979791231304423,
        0.02247796973442045,
        0.0212722770312305,
        0.01983509553041723,
        0.01879050633796597,
        0.018675086246042843,
        0.019728847299277517,
        0.021727652314860672,
        0.02392130667157012,
        0.02521559225337947,
        0.024636252808060727
    ],
    "reptherm": [
        0.04049129572565092,
        0.04209308658230942,
        0.040664221394351954,
        0.03711118545359209,
        0.03274317221051523,
        0.028734998127534443,
        0.025768772563151916,
        0.02395330598616001,
        0.02295998789673876,
        0.02226133364237408,
        0.021377304946135458,
        0.020056872979972083,
        0.018340627748200132,
        0.016493253915368933,
        0.01485543687588632,
        0.013696231185072632,
        0.013124108619439207,
        0.01306801814118749,
        0.013313608689903998,
        0.013579812865345244,
        0.013618867297932385,
        0.01330584574843209,
        0.012675454641507591,
        0.011888201933951644,
        0.011150441448616122,
        0.010633826183396441,
        0.010423854878956086,
        0.010500050309672495,
        0.010742488822790172,
        0.010967714912848973,
        0.010994547544077363,
        0.010718256936213201,
        0.010154544086620634,
        0.009428036560789999,
        0.008715146448142521,
        0.008175176604325589,
        0.0078986909448549,
        0.007883206242716823,
        0.008036525550221803,
        0.008209232511026163,
        0.008253525306399006,
        0.008089266906712873,
        0.007745585405712565,
        0.007355041988811191,
        0.00710257557596929,
        0.007151688115342933,
        0.007573980885109513,
        0.008303837962039953,
        0.009138037275521965,
        0.0097934101444068,
        0.010011323983335884,
        0.009663804823775518,
        0.008803689846731166,
        0.007630789335151061,
        0.0063985195887816615,
        0.005317676503083861,
        0.004502884708825035,
        0.003970358806222814,
        0.0036672806692677443,
        0.003509102900445515,
        0.003411404912966359,
        0.0033116907835144564,
        0.0031793587179121596,
        0.003013807389718764,
        0.002834007046745419,
        0.0026651628267948635,
        0.0025270115571389504,
        0.00242585429798987,
        0.0023516581143939704,
        0.002281805659982448,
        0.0021912496805751155,
        0.002064667606232889,
        0.0019037092779107961,
        0.001725120756572133,
        0.0015516912710857717,
        0.001402169954438712,
        0.0012853322931909799,
        0.0011993068510393456,
        0.001134336808467094,
        0.0010769961888040587,
        0.001014802101416883,
        0.0009402515284078592,
        0.0008528679962767682,
        0.0007583308546121977,
        0.0006653571298144356,
        0.0005822363688405884,
        0.0005145868839072866,
        0.00046457001840433077,
        0.0004309686501364934,
        0.00040981315321629195,
        0.0003958298711897268,
        0.00038488894022667885,
        0.0003767977369318859,
        0.0003769925469717778,
        0.00039558841461307135,
        0.0004430252191347409,
        0.0005231515916538496,
        0.0006267110978753549,
        0.0007296340220688526,
        0.000799345314323851,
        0.0008077738158331048
    ],
    "demtherm_avg": 76.75441051517372,
    "reptherm_avg": 20.316331733747354
}