{
    "x": [
        0.0,
        1.0,
        2.0,
        3.0,
        4.0,
        5.0,
        6.0,
        7.0,
        8.0,
        9.0,
        10.0,
        11.0,
        12.0,
        13.0,
        14.0,
        15.0,
        16.0,
        17.0,
        18.0,
        19.0,
        20.0,
        21.0,
        22.0,
        23.0,
        24.0,
        25.0,
        26.0,
        27.0,
        28.0,
        29.0,
        30.0,
        31.0,
        32.0,
        33.0,
        34.0,
        35.0,
        36.0,
        37.0,
        38.0,
        39.0,
        40.0,
        41.0,
        42.0,
        43.0,
        44.0,
        45.0,
        46.0,
        47.0,
        48.0,
        49.0,
        50.0,
        51.0,
        52.0,
        53.0,
        54.0,
        55.0,
        56.0,
        57.0,
        58.0,
        59.0,
        60.0,
        61.0,
        62.0,
        63.0,
        64.0,
        65.0,
        66.0,
        67.0,
        68.0,
        69.0,
        70.0,
        71.0,
        72.0,
        73.0,
        74.0,
        75.0,
        76.0,
        77.0,
        78.0,
        79.0,
        80.0,
        81.0,
        82.0,
        83.0,
        84.0,
        85.0,
        86.0,
        87.0,
        88.0,
        89.0,
        90.0,
        91.0,
        92.0,
        93.0,
        94.0,
        95.0,
        96.0,
        97.0,
        98.0,
        99.0,
        100.0
    ],
    "demtherm": [
        0.00048446858091269614,
        0.0004994201284889711,
        0.0004813952183798457,
        0.0004466182835681362,
        0.00041491792000086564,
        0.0004021321538366843,
        0.00041565781432097723,
        0.0004533742039412577,
        0.0005049608087785379,
        0.0005554457503509583,
        0.0005910042921130841,
        0.0006052600294951384,
        0.0006027315190370224,
        0.0005972477512817863,
        0.0006064387841845423,
        0.0006454048211929612,
        0.0007217087007345991,
        0.0008321120773724651,
        0.0009617422537769619,
        0.001087706677216994,
        0.0011880058464205669,
        0.001252235180287894,
        0.0012874342328601887,
        0.0013149785259981197,
        0.0013607997285857974,
        0.001444923433168712,
        0.0015742514279015957,
        0.001738907157115943,
        0.0019125441206799807,
        0.0020592223311200466,
        0.0021476699614011796,
        0.002167087152329614,
        0.002134524164036329,
        0.0020886264740856146,
        0.0020741846156187333,
        0.002126467014098864,
        0.0022605088166380094,
        0.0024654864187121936,
        0.0027049607157176147,
        0.0029270730131830194,
        0.003086448250360207,
        0.0031707740926695794,
        0.0032188702414758658,
        0.0033205420715199433,
        0.0035967468587925944,
        0.004162321964767218,
        0.005074348334057761,
        0.006278674629101192,
        0.007585588967264502,
        0.008710244837262184,
        0.009381296909950865,
        0.009466776924658046,
        0.009040059100765583,
        0.008344216404066239,
        0.007682216407463067,
        0.007300506248346013,
        0.007316866074179754,
        0.007702622211213982,
        0.008308890902752485,
        0.008928788399857472,
        0.009383015633278622,
        0.00959599826522215,
        0.009622164066123326,
        0.0096100296596079,
        0.009733615548564981,
        0.010132472441416969,
        0.010875357196986759,
        0.011938098476595688,
        0.013196027724360395,
        0.014453512027667367,
        0.015520820113119612,
        0.01630135429232707,
        0.016827674207815856,
        0.017223768154684307,
        0.01763506619729727,
        0.018180936110947517,
        0.018934782188418063,
        0.019896921641192694,
        0.020954818657389775,
        0.021883339719867115,
        0.02243252675556753,
        0.022467057189234595,
        0.022054355194252542,
        0.021433507759871732,
        0.020898704771799656,
        0.020684769567746796,
        0.02090182204181269,
        0.021504030226095643,
        0.02227871335509549,
        0.02288795256997107,
        0.022995790749178943,
        0.022441864620668665,
        0.02135663082140259,
        0.02013805300961945,
        0.019301423270345116,
        0.019276322676438525,
        0.020216935579797313,
        0.021871326945380673,
        0.023573624971156226,
        0.024430882951956157,
        0.02368821625839194
    ],
    "reptherm": [
        0.04028321061015785,
        0.041943358824201436,
        0.04084133899670672,
        0.03771788679432363,
        0.03368604285319306,
        0.02979331702344075,
        0.026700970208354474,
        0.02458286633509718,
        0.02321987488449219,
        0.022200171097005287,
        0.021131887975251704,
        0.019796862976892905,
        0.01820440237971844,
        0.01654332117349083,
        0.015071013198318228,
        0.013997590698211482,
        0.01341013141527684,
        0.013252485954584713,
        0.01335409473700387,
        0.013493187117187872,
        0.013474693882370836,
        0.013195699656050816,
        0.012671462248944205,
        0.012012520227292418,
        0.01136904425788555,
        0.010871658663761177,
        0.010590215703259706,
        0.010516362518195377,
        0.010568539666245349,
        0.010619231617788367,
        0.010541330343414838,
        0.010258832846451812,
        0.009778369624457727,
        0.00918511155985345,
        0.008606212953326978,
        0.008160903055263348,
        0.007917956471563438,
        0.007873179525660594,
        0.007952073245360094,
        0.008038222569786157,
        0.008020889799337691,
        0.007844775999389158,
        0.007539288913397249,
        0.00721194737725228,
        0.007007488735939345,
        0.00704907656113858,
        0.007383243426013529,
        0.00794816200541446,
        0.008579771749506242,
        0.009060308533763961,
        0.009195799184298789,
        0.008890045924487876,
        0.008178664695744837,
        0.007206596607471377,
        0.0061644784010665005,
        0.005219633920708458,
        0.004472803186490488,
        0.003950228289487926,
        0.0036213128139514473,
        0.0034259274953355543,
        0.0032996719783145697,
        0.0031915635863677015,
        0.0030724383353385658,
        0.002934680464674402,
        0.002785955310905508,
        0.0026406331751877695,
        0.0025118295415718457,
        0.0024055704540676083,
        0.0023180469684050417,
        0.002236949226342398,
        0.0021468781314100778,
        0.002036551482806069,
        0.0019039215049025525,
        0.0017563839227962774,
        0.0016064446966707895,
        0.0014658657006614236,
        0.0013414715173047378,
        0.0012339811632084926,
        0.0011393671731527062,
        0.001051505863973961,
        0.0009649673288591096,
        0.0008770185326952857,
        0.0007882103581038582,
        0.0007015397651122811,
        0.000620903977183344,
        0.0005497709503991166,
        0.000490477015037209,
        0.0004439127935785405,
        0.00040928136906356763,
        0.00038410063598054434,
        0.0003649841288532282,
        0.0003494115491534499,
        0.0003378588457174055,
        0.0003349757748192573,
        0.0003485404032904137,
        0.00038580249273390183,
        0.0004482824861918773,
        0.0005275221001226944,
        0.0006047432021192165,
        0.0006559824011784845,
        0.0006611981625639401
    ],
    "demtherm_avg": 76.92514244141219,
    "reptherm_avg": 19.78450571044355
}