{
    "x": [
        0.0,
        1.0,
        2.0,
        3.0,
        4.0,
        5.0,
        6.0,
        7.0,
        8.0,
        9.0,
        10.0,
        11.0,
        12.0,
        13.0,
        14.0,
        15.0,
        16.0,
        17.0,
        18.0,
        19.0,
        20.0,
        21.0,
        22.0,
        23.0,
        24.0,
        25.0,
        26.0,
        27.0,
        28.0,
        29.0,
        30.0,
        31.0,
        32.0,
        33.0,
        34.0,
        35.0,
        36.0,
        37.0,
        38.0,
        39.0,
        40.0,
        41.0,
        42.0,
        43.0,
        44.0,
        45.0,
        46.0,
        47.0,
        48.0,
        49.0,
        50.0,
        51.0,
        52.0,
        53.0,
        54.0,
        55.0,
        56.0,
        57.0,
        58.0,
        59.0,
        60.0,
        61.0,
        62.0,
        63.0,
        64.0,
        65.0,
        66.0,
        67.0,
        68.0,
        69.0,
        70.0,
        71.0,
        72.0,
        73.0,
        74.0,
        75.0,
        76.0,
        77.0,
        78.0,
        79.0,
        80.0,
        81.0,
        82.0,
        83.0,
        84.0,
        85.0,
        86.0,
        87.0,
        88.0,
        89.0,
        90.0,
        91.0,
        92.0,
        93.0,
        94.0,
        95.0,
        96.0,
        97.0,
        98.0,
        99.0,
        100.0
    ],
    "demtherm": [
        0.041148976443566514,
        0.04285468164889361,
        0.04171824047570817,
        0.038440731719353596,
        0.034134994874289004,
        0.02989910533195562,
        0.02647588766510901,
        0.024113419730546443,
        0.022626768913776886,
        0.021588636425574056,
        0.020556453165965476,
        0.01925359674471834,
        0.017649652792927496,
        0.015927378568381903,
        0.014370425930347938,
        0.01323202324733301,
        0.012637937696265613,
        0.012549613179633835,
        0.012787787935890096,
        0.013102040588264816,
        0.013261567684346208,
        0.013133960503038274,
        0.012720460720710064,
        0.012135461958970199,
        0.011545668098259236,
        0.011100467611557063,
        0.010880349959490849,
        0.010874726562637963,
        0.010989747490799803,
        0.011083216526100627,
        0.011018611038949131,
        0.010719910698602893,
        0.010202908095355033,
        0.009567457760525422,
        0.008955266481325807,
        0.008494218797634701,
        0.008252444952490607,
        0.008216862290328765,
        0.0083012439981628,
        0.008381361273263936,
        0.008346516723025482,
        0.008148139669271847,
        0.00782398553327058,
        0.007486080263635185,
        0.007277077833769019,
        0.007312357845572126,
        0.007628490869104863,
        0.008155909739297054,
        0.008728590473235796,
        0.009133891045466176,
        0.009188503303035252,
        0.008808764925565378,
        0.008040670578848703,
        0.007034610567653376,
        0.005980686348141038,
        0.0050399680194748555,
        0.004302540994891351,
        0.0037821288859429874,
        0.0034374162099739722,
        0.0032031401958780526,
        0.003017684794425666,
        0.0028404904217392587,
        0.0026574786424100544,
        0.0024760103346744477,
        0.0023135526433467656,
        0.0021855297641589443,
        0.0020969115544231106,
        0.002039666747695721,
        0.001995856153042279,
        0.0019445870145361423,
        0.001870020238332729,
        0.0017671364293744922,
        0.0016427585733342909,
        0.0015116315781376832,
        0.0013898948381246851,
        0.0012892039217492315,
        0.0012135808114067963,
        0.00115918465057726,
        0.0011162228003261825,
        0.0010723060693056167,
        0.0010166089427021566,
        0.0009436390132782115,
        0.0008549983145539298,
        0.0007582283804867389,
        0.0006634362774674322,
        0.0005795529357201908,
        0.0005118518568476575,
        0.0004612288399402777,
        0.00042487284827484237,
        0.0003978424307467271,
        0.00037521962992520904,
        0.00035436448203886154,
        0.00033643710848564585,
        0.0003263258208210351,
        0.00033065322677693136,
        0.00035435074341850603,
        0.0003970162086601193,
        0.00045069461468080215,
        0.0005006139917457625,
        0.0005294108059308638,
        0.0005235419432022202
    ],
    "reptherm": [
        0.00047764866923107415,
        0.0005220357789720578,
        0.0005377069429762407,
        0.000532510093522256,
        0.0005202345767611722,
        0.0005150629887615253,
        0.0005262446178990417,
        0.0005546574486971907,
        0.0005923594958012711,
        0.0006257952690443578,
        0.0006420968565376332,
        0.0006359302574138159,
        0.0006132807559064359,
        0.0005899374186337669,
        0.0005854328058567534,
        0.000615410090488685,
        0.0006855016765799162,
        0.0007887320811869404,
        0.0009075388554760323,
        0.001020472046833698,
        0.001111514529719765,
        0.001177626448703848,
        0.0012302407740694475,
        0.001290047392725364,
        0.0013785304858427298,
        0.0015103413164551268,
        0.0016877972391063907,
        0.001897056463365759,
        0.0021076053630197955,
        0.0022791816342506216,
        0.0023774970063732558,
        0.002392492413996571,
        0.0023479970039437838,
        0.002295755668662901,
        0.002296608489701858,
        0.002398080406305764,
        0.0026166626878755634,
        0.002929266485186673,
        0.003277120294316839,
        0.0035849198312433647,
        0.0037927802692277303,
        0.0038893903924952797,
        0.003930427115711846,
        0.004032317586209554,
        0.00434206123350998,
        0.004989573110466307,
        0.006030632290827837,
        0.00739571669823784,
        0.008873118009055046,
        0.010155300097992146,
        0.010948001360225619,
        0.011095075773958908,
        0.010649520372257215,
        0.009849757114416756,
        0.009019243211925123,
        0.008446990203128751,
        0.008300316486754103,
        0.008589503388849448,
        0.009181992956632396,
        0.009859115335291862,
        0.01040257482496663,
        0.01068185873654943,
        0.010704420297332,
        0.010606585804672015,
        0.010595370982076293,
        0.010871361612372439,
        0.011558712457349525,
        0.012657339956163131,
        0.014032127024715424,
        0.015454465644335754,
        0.01669093335136985,
        0.017598381223443853,
        0.018171894128018274,
        0.018524565557453635,
        0.018826538624314354,
        0.019244407248338265,
        0.019893179372134376,
        0.020788859792317815,
        0.02180866883236267,
        0.022700950108869078,
        0.023177304106648932,
        0.023055006728552478,
        0.022362098284790067,
        0.021334991691925306,
        0.02031495117476517,
        0.019610157627067568,
        0.019387546176558516,
        0.01962056520080387,
        0.02009712914805798,
        0.020492577434223277,
        0.02050036189314114,
        0.019975404702209227,
        0.019018209585940915,
        0.017950494297269914,
        0.01719138714278598,
        0.017086709391945856,
        0.017749422952880775,
        0.01896158722798939,
        0.02018882473194895,
        0.020742118628331443,
        0.020053269567457083
    ],
    "demtherm_avg": 19.43694150761112,
    "reptherm_avg": 75.1477677487908
}