{
    "x": [
        0.0,
        1.0,
        2.0,
        3.0,
        4.0,
        5.0,
        6.0,
        7.0,
        8.0,
        9.0,
        10.0,
        11.0,
        12.0,
        13.0,
        14.0,
        15.0,
        16.0,
        17.0,
        18.0,
        19.0,
        20.0,
        21.0,
        22.0,
        23.0,
        24.0,
        25.0,
        26.0,
        27.0,
        28.0,
        29.0,
        30.0,
        31.0,
        32.0,
        33.0,
        34.0,
        35.0,
        36.0,
        37.0,
        38.0,
        39.0,
        40.0,
        41.0,
        42.0,
        43.0,
        44.0,
        45.0,
        46.0,
        47.0,
        48.0,
        49.0,
        50.0,
        51.0,
        52.0,
        53.0,
        54.0,
        55.0,
        56.0,
        57.0,
        58.0,
        59.0,
        60.0,
        61.0,
        62.0,
        63.0,
        64.0,
        65.0,
        66.0,
        67.0,
        68.0,
        69.0,
        70.0,
        71.0,
        72.0,
        73.0,
        74.0,
        75.0,
        76.0,
        77.0,
        78.0,
        79.0,
        80.0,
        81.0,
        82.0,
        83.0,
        84.0,
        85.0,
        86.0,
        87.0,
        88.0,
        89.0,
        90.0,
        91.0,
        92.0,
        93.0,
        94.0,
        95.0,
        96.0,
        97.0,
        98.0,
        99.0,
        100.0
    ],
    "demtherm": [
        0.039801952369488074,
        0.041511054828631246,
        0.04088054112224149,
        0.038379699241984574,
        0.03480153707057633,
        0.030984361655370184,
        0.027564971101027475,
        0.02484968314282726,
        0.02282420933899457,
        0.021266511548666624,
        0.019899152199496485,
        0.018519401515032126,
        0.017066869577356467,
        0.015618600007289792,
        0.014329401847889323,
        0.013351179096383647,
        0.012765243094856214,
        0.012549877461927922,
        0.012589507850790316,
        0.012717576723442012,
        0.012775067091021365,
        0.01266220158463195,
        0.012364305684241912,
        0.011944084084436545,
        0.01150672782757034,
        0.011154051158455218,
        0.010945228880100234,
        0.010876480739610226,
        0.010884643087260023,
        0.01087243916564807,
        0.010746554028373639,
        0.010454359988839305,
        0.010004513420801478,
        0.009462907048367232,
        0.008926320224708507,
        0.008485589839267536,
        0.008193357830795858,
        0.008048101773068661,
        0.00799925961319927,
        0.007970859254987764,
        0.007894798406466627,
        0.007741134603479642,
        0.007533173089942436,
        0.007340504739221778,
        0.0072516184301393005,
        0.007335690460587975,
        0.0076076593858241635,
        0.008010571034013866,
        0.008424296781793848,
        0.008700469431502371,
        0.008712087541986201,
        0.00839793690293851,
        0.0077826243070097,
        0.006964015730219709,
        0.006075489341912856,
        0.005241293361661738,
        0.004543528390288848,
        0.004010473780543745,
        0.00362493227186577,
        0.0033441232372858143,
        0.0031212520582233286,
        0.002921448488407481,
        0.0027287056084895353,
        0.0025441014239160715,
        0.0023781989124281103,
        0.0022417219606424106,
        0.002138305890740643,
        0.0020616678958432686,
        0.0019975916403994604,
        0.0019293269602138085,
        0.001843873693851378,
        0.0017364988805185907,
        0.001611800531165043,
        0.0014812560474661337,
        0.001358646523363006,
        0.0012553164633858612,
        0.001176840132196697,
        0.001121840990241104,
        0.0010829904578383703,
        0.0010497165460757192,
        0.0010117308749073221,
        0.000962162536029413,
        0.0008991749613483936,
        0.000825613380180334,
        0.0007471633095695037,
        0.000670074915797438,
        0.0005993929492410105,
        0.000538082263283614,
        0.00048697574270811507,
        0.00044534352564423664,
        0.0004119128299568292,
        0.00038608075463057533,
        0.0003688439938313148,
        0.00036286594580911454,
        0.0003713363782957042,
        0.0003958331220894512,
        0.00043402415650877033,
        0.00047841640629287587,
        0.0005171722993884083,
        0.0005371848916243492,
        0.0005284137944105979
    ],
    "reptherm": [
        0.0005079734435265842,
        0.0005571300452615509,
        0.0005816931272686263,
        0.0005872638556052787,
        0.0005840477470648672,
        0.0005826718687480709,
        0.0005901175374217871,
        0.0006072889553224924,
        0.000629075812281058,
        0.0006469767865529502,
        0.0006534267405502631,
        0.0006460900770692438,
        0.0006301078664088742,
        0.0006170594117660071,
        0.0006209314815227994,
        0.0006527880338418673,
        0.0007163712105988643,
        0.0008064652645987254,
        0.0009108338373968001,
        0.0010151683655729615,
        0.0011090838609846719,
        0.001190466045574966,
        0.001266148851187858,
        0.0013488082758663996,
        0.0014517406649324413,
        0.0015835474691398299,
        0.0017439293244900188,
        0.0019213205205412796,
        0.0020936777676553594,
        0.0022340277763109847,
        0.0023205620114860282,
        0.0023475985642722077,
        0.002331587708222991,
        0.0023079913183149305,
        0.0023194678431751074,
        0.0024000361350493583,
        0.002561414752422552,
        0.002786843460900564,
        0.003035693387532986,
        0.0032592410703586637,
        0.0034237612716735088,
        0.0035328057830678657,
        0.0036389299771631477,
        0.0038377184019300395,
        0.004242366931497826,
        0.004943094277310004,
        0.005961921449445226,
        0.007219866182268768,
        0.00853646153137479,
        0.009673524028500092,
        0.010414193149348631,
        0.010645031326165774,
        0.010401413685390843,
        0.009853515736305865,
        0.009241285995344376,
        0.008790190272847564,
        0.008642089221516741,
        0.008822187268027418,
        0.009246966142374856,
        0.009766626832118003,
        0.010227217649543008,
        0.010530897368321803,
        0.010671993903892717,
        0.01073592544051756,
        0.010863888328343764,
        0.011198882980100083,
        0.011832564947851967,
        0.012770074725405808,
        0.013925310457923994,
        0.01515079588922652,
        0.01629224111045814,
        0.017244039685173546,
        0.017980359976654533,
        0.018551270435609456,
        0.0190525748578622,
        0.01958552682620707,
        0.020216825401948163,
        0.020944450944128803,
        0.0216806278069906,
        0.022269431483534368,
        0.02254559799242453,
        0.022413326617269597,
        0.021902968395355136,
        0.021171616029835392,
        0.02044600810016447,
        0.019936390933478623,
        0.019758410640392812,
        0.019890394525870953,
        0.02017996466519843,
        0.020401611649282354,
        0.020350335406212745,
        0.019936776549703553,
        0.019240374489729227,
        0.018491134700853656,
        0.017981769231464394,
        0.017941501132655583,
        0.018417951119729704,
        0.019214700938762524,
        0.01992105574503199,
        0.020041465060147343,
        0.01918460215476368
    ],
    "demtherm_avg": 19.277739845713107,
    "reptherm_avg": 75.26691625816656
}