{
    "x": [
        0.0,
        1.0,
        2.0,
        3.0,
        4.0,
        5.0,
        6.0,
        7.0,
        8.0,
        9.0,
        10.0,
        11.0,
        12.0,
        13.0,
        14.0,
        15.0,
        16.0,
        17.0,
        18.0,
        19.0,
        20.0,
        21.0,
        22.0,
        23.0,
        24.0,
        25.0,
        26.0,
        27.0,
        28.0,
        29.0,
        30.0,
        31.0,
        32.0,
        33.0,
        34.0,
        35.0,
        36.0,
        37.0,
        38.0,
        39.0,
        40.0,
        41.0,
        42.0,
        43.0,
        44.0,
        45.0,
        46.0,
        47.0,
        48.0,
        49.0,
        50.0,
        51.0,
        52.0,
        53.0,
        54.0,
        55.0,
        56.0,
        57.0,
        58.0,
        59.0,
        60.0,
        61.0,
        62.0,
        63.0,
        64.0,
        65.0,
        66.0,
        67.0,
        68.0,
        69.0,
        70.0,
        71.0,
        72.0,
        73.0,
        74.0,
        75.0,
        76.0,
        77.0,
        78.0,
        79.0,
        80.0,
        81.0,
        82.0,
        83.0,
        84.0,
        85.0,
        86.0,
        87.0,
        88.0,
        89.0,
        90.0,
        91.0,
        92.0,
        93.0,
        94.0,
        95.0,
        96.0,
        97.0,
        98.0,
        99.0,
        100.0
    ],
    "demtherm": [
        0.03997742997900635,
        0.041655319619559,
        0.040905249472603954,
        0.03823882978007666,
        0.034508432752049,
        0.0306040618797392,
        0.027188449228413215,
        0.02456278138509222,
        0.02268292185432608,
        0.021285338828713307,
        0.02005394675835162,
        0.018761654658700225,
        0.01734313298811407,
        0.015887639612003488,
        0.014571478523233837,
        0.01356769248660016,
        0.012970783043122555,
        0.01276091960307919,
        0.012814378033210783,
        0.012951369709052045,
        0.01300118284220139,
        0.012859356738564628,
        0.012515392399484408,
        0.012042618628561699,
        0.011558359762972046,
        0.011173407834048134,
        0.01095028541379607,
        0.010882833461684126,
        0.010901266656829422,
        0.010899808309948578,
        0.010777587931842844,
        0.010477977666062508,
        0.010010554788151776,
        0.009446456411431907,
        0.008889743019890615,
        0.008437696102681799,
        0.008146248387052572,
        0.008012897701361,
        0.007982131941516597,
        0.007970763005245787,
        0.00790393833800382,
        0.007748240155253211,
        0.007528410054884752,
        0.007320026466470763,
        0.007219871057070591,
        0.007304478828057013,
        0.007592132559120879,
        0.008023365107952743,
        0.008469945704930676,
        0.008772515031204419,
        0.008794529014385228,
        0.008470699615362478,
        0.00782859275192621,
        0.006974353628834254,
        0.006051115780329567,
        0.005190635499464851,
        0.00447840932286854,
        0.0039422529197617176,
        0.003562111026565024,
        0.003291549387502766,
        0.0030804746494693066,
        0.0028916884809593556,
        0.002708001551708056,
        0.0025302867270831143,
        0.0023694912270826717,
        0.0022368856136983856,
        0.0021365201453719305,
        0.002062315990426495,
        0.0020001648104630916,
        0.001933543580383744,
        0.001849967711822871,
        0.0017454700527105114,
        0.0016253381624449317,
        0.001501157633586958,
        0.0013858482160470956,
        0.0012889588228521976,
        0.0012138807641424263,
        0.0011575052666829902,
        0.0011119529120973616,
        0.0010675711299970904,
        0.0010162090379735136,
        0.000953701301971447,
        0.0008807111408438266,
        0.0008017503969246316,
        0.0007230268861703863,
        0.0006502018080280556,
        0.0005869043577222775,
        0.0005342546359208626,
        0.0004912149239813895,
        0.00045551636213244626,
        0.00042495427064760113,
        0.0003987365210860683,
        0.00037835302301796373,
        0.00036739802877759284,
        0.0003701033696047513,
        0.00038892873466885453,
        0.00042212918221931324,
        0.0004625003020699635,
        0.0004982698844623825,
        0.0005162814249871602,
        0.0005064396589679324
    ],
    "reptherm": [
        0.0005034727198189321,
        0.0005484083893611577,
        0.0005674294769528049,
        0.0005670428863676141,
        0.000558464994360962,
        0.0005530851835631389,
        0.0005582227189111728,
        0.0005747108193042548,
        0.0005970810977841189,
        0.0006163422170800415,
        0.0006244650295512494,
        0.0006188071039685171,
        0.0006044216596110343,
        0.0005929989182106164,
        0.0005987711266615377,
        0.0006331105896920708,
        0.0007000355843868228,
        0.0007944324601197204,
        0.0009038671060001745,
        0.0010135619523921442,
        0.0011126369521188145,
        0.0011987859337780097,
        0.0012791308808867176,
        0.0013670170527555734,
        0.0014764860268903193,
        0.0016165672189671011,
        0.001786635302853927,
        0.001973651684853898,
        0.002152912585710471,
        0.002294292383089025,
        0.002373753768397533,
        0.0023857612401309144,
        0.0023498274813478818,
        0.002306588588219849,
        0.0023042662347028723,
        0.002381044102240503,
        0.002550160928179968,
        0.0027932003434758866,
        0.0030649391851154013,
        0.0033102405040488867,
        0.0034890277222628693,
        0.003600593439687325,
        0.0036967056210027638,
        0.0038759887549401953,
        0.004257979327480778,
        0.004941211635197757,
        0.005955594180851044,
        0.007226211445960231,
        0.008569894881729765,
        0.009738841020347333,
        0.010503457915829361,
        0.010740469623012255,
        0.010482748928938869,
        0.009905504291581962,
        0.009257759980603755,
        0.008773768838924,
        0.00860111950912675,
        0.0087668906655016,
        0.009186007245961062,
        0.009704821698872934,
        0.01016499917447051,
        0.010465669081662856,
        0.010600545245859808,
        0.010656592387928342,
        0.010777670433552653,
        0.011109518897312473,
        0.01174566147494945,
        0.012691113902209871,
        0.013856875320809762,
        0.015090620323043402,
        0.016233974420357487,
        0.01718075572463823,
        0.01790837838484768,
        0.018471670805899985,
        0.01897034278388695,
        0.01950852026883855,
        0.02015576787350072,
        0.020912198032328723,
        0.021688248068656716,
        0.0223199251861434,
        0.02262984266221103,
        0.022512320818863348,
        0.021995571293372266,
        0.021242696001226136,
        0.020490379121317587,
        0.019957882817677023,
        0.019766353744075576,
        0.0198955233303781,
        0.020190304226468163,
        0.020418949430743124,
        0.02036899153738937,
        0.01994620444835658,
        0.019231020129859586,
        0.018460937487949736,
        0.017940435019487923,
        0.01791058433343747,
        0.018425528016298477,
        0.019284594347513083,
        0.020059699277620337,
        0.02022937991943438,
        0.019379676571779508
    ],
    "demtherm_avg": 19.303140475203648,
    "reptherm_avg": 75.27583465320602
}