{
    "x": [
        0.0,
        1.0,
        2.0,
        3.0,
        4.0,
        5.0,
        6.0,
        7.0,
        8.0,
        9.0,
        10.0,
        11.0,
        12.0,
        13.0,
        14.0,
        15.0,
        16.0,
        17.0,
        18.0,
        19.0,
        20.0,
        21.0,
        22.0,
        23.0,
        24.0,
        25.0,
        26.0,
        27.0,
        28.0,
        29.0,
        30.0,
        31.0,
        32.0,
        33.0,
        34.0,
        35.0,
        36.0,
        37.0,
        38.0,
        39.0,
        40.0,
        41.0,
        42.0,
        43.0,
        44.0,
        45.0,
        46.0,
        47.0,
        48.0,
        49.0,
        50.0,
        51.0,
        52.0,
        53.0,
        54.0,
        55.0,
        56.0,
        57.0,
        58.0,
        59.0,
        60.0,
        61.0,
        62.0,
        63.0,
        64.0,
        65.0,
        66.0,
        67.0,
        68.0,
        69.0,
        70.0,
        71.0,
        72.0,
        73.0,
        74.0,
        75.0,
        76.0,
        77.0,
        78.0,
        79.0,
        80.0,
        81.0,
        82.0,
        83.0,
        84.0,
        85.0,
        86.0,
        87.0,
        88.0,
        89.0,
        90.0,
        91.0,
        92.0,
        93.0,
        94.0,
        95.0,
        96.0,
        97.0,
        98.0,
        99.0,
        100.0
    ],
    "demtherm": [
        0.040980590142654635,
        0.04270286468372895,
        0.04135008932016471,
        0.03774585105169257,
        0.03316249724858365,
        0.02881092219655456,
        0.025462940080540886,
        0.023323555838845718,
        0.02212534968071081,
        0.021351145792367406,
        0.020488584823648195,
        0.019232821224797136,
        0.017573494870129363,
        0.01574741568010025,
        0.014098992431190522,
        0.012925163822027345,
        0.012367667479614187,
        0.012375936788120325,
        0.012735837902147325,
        0.013150391667581082,
        0.013349337411344742,
        0.01318740017106045,
        0.01268653460044497,
        0.012003744643635362,
        0.011348495706744776,
        0.010896243151128209,
        0.01073175609256222,
        0.010829145572334433,
        0.0110634230662464,
        0.011251912137206763,
        0.01122141951233034,
        0.010879800199662528,
        0.010257030118631955,
        0.009492451527970796,
        0.008775890092060522,
        0.008273886010459822,
        0.008071820834891314,
        0.008147822294779998,
        0.008382750546359802,
        0.008604949791340234,
        0.008658963068210257,
        0.008472754416941956,
        0.008092114534214937,
        0.007665009343235105,
        0.007383924246143297,
        0.007410901364904115,
        0.007810327140539598,
        0.00850898810243809,
        0.009300670090219138,
        0.009905953128498094,
        0.010074764980987692,
        0.009688018225148235,
        0.00880409453157838,
        0.007624207187641452,
        0.006399946755835575,
        0.00533725451472882,
        0.004542019562872458,
        0.0040181597166892595,
        0.0037003886845342485,
        0.00349697998992026,
        0.003325907650153176,
        0.003137039806672751,
        0.0029182966840418257,
        0.0026874829540686237,
        0.0024756145230968233,
        0.002309722253751846,
        0.0022013663480001514,
        0.0021431410088359956,
        0.002112406078608102,
        0.0020801412462427933,
        0.0020218139981867975,
        0.001926063477082173,
        0.0017974077966728362,
        0.0016521424137741175,
        0.0015103596927931217,
        0.00138849235098319,
        0.001295062990925411,
        0.0012296655476625867,
        0.0011841874502713395,
        0.0011458704629787185,
        0.0011019984891730925,
        0.001044852778548008,
        0.0009745113045263984,
        0.0008978740499741245,
        0.0008246509282127251,
        0.0007628174219733554,
        0.0007157726309355452,
        0.0006818344738323824,
        0.000655487338780338,
        0.0006296551346100575,
        0.0005985131204661583,
        0.0005602068178086423,
        0.0005184889480473233,
        0.0004823563889468048,
        0.0004633922712472197,
        0.00047127573790472095,
        0.0005086188833744247,
        0.0005670893972809097,
        0.0006273404370742008,
        0.0006644196705560925,
        0.0006574253321742773
    ],
    "reptherm": [
        0.0005735044237612043,
        0.0006129456766963692,
        0.0006101894189986071,
        0.0005813923946010352,
        0.0005495454591197793,
        0.0005347419620270366,
        0.0005474710785934122,
        0.0005858389137773888,
        0.0006362279974393909,
        0.0006779828496379742,
        0.0006922815069749676,
        0.0006718953690215237,
        0.0006259870913527579,
        0.0005766106273718035,
        0.0005493588926682184,
        0.0005637309628931057,
        0.0006268239967565355,
        0.0007307712555608775,
        0.0008542317472091433,
        0.0009695743152897415,
        0.0010552159625256115,
        0.0011069375940010787,
        0.0011399785322068598,
        0.0011802015788843763,
        0.0012517932472744155,
        0.001369978973976461,
        0.0015388327482774972,
        0.0017480310947260058,
        0.001967760663989757,
        0.002151004828081308,
        0.0022514106152090757,
        0.0022500416533051933,
        0.0021719975190566446,
        0.002079827805502961,
        0.0020489094405726173,
        0.0021401617402354647,
        0.0023795609865012372,
        0.0027452593917150566,
        0.0031655753929500834,
        0.0035378551442309322,
        0.0037714151686414695,
        0.0038371474378668673,
        0.0037948283200417245,
        0.0037833038014423457,
        0.0039830102004339285,
        0.004565611915193243,
        0.005631702641618717,
        0.0071381241978032495,
        0.008849195867448239,
        0.010372837555243195,
        0.011306696038593871,
        0.01142892852268908,
        0.01081101909150258,
        0.009777648787223066,
        0.008751908831557065,
        0.008091165812157703,
        0.007987181304845313,
        0.008434321685612617,
        0.009245365781011922,
        0.010116100415024136,
        0.010742624870129214,
        0.010952678576171907,
        0.010778098596117598,
        0.010426804648891475,
        0.01018468145074681,
        0.010311831438291721,
        0.010966383897680823,
        0.012150473836925184,
        0.013684859592771928,
        0.015251944720908739,
        0.01652575946371237,
        0.01732686763142126,
        0.017694465704242962,
        0.017830909069453754,
        0.017985467706392942,
        0.018373028663964203,
        0.019140697027067187,
        0.020321247062117936,
        0.021756894984372686,
        0.023080721037315607,
        0.023847375828249147,
        0.02376903331418067,
        0.02288707919164864,
        0.021550469003154778,
        0.020236911003636088,
        0.019357853115971626,
        0.019139548489962768,
        0.019570824896741234,
        0.02039153818914303,
        0.02115317753305691,
        0.02138987607885117,
        0.020846863090944523,
        0.01962951493277937,
        0.01817439271010828,
        0.017069075738711168,
        0.01682274414807279,
        0.017660352801092193,
        0.019371441621285714,
        0.02127600252522077,
        0.02240703888489479,
        0.0219170310741515
    ],
    "demtherm_avg": 20.34311862822152,
    "reptherm_avg": 75.49516052105321
}