{
    "x": [
        0.0,
        1.0,
        2.0,
        3.0,
        4.0,
        5.0,
        6.0,
        7.0,
        8.0,
        9.0,
        10.0,
        11.0,
        12.0,
        13.0,
        14.0,
        15.0,
        16.0,
        17.0,
        18.0,
        19.0,
        20.0,
        21.0,
        22.0,
        23.0,
        24.0,
        25.0,
        26.0,
        27.0,
        28.0,
        29.0,
        30.0,
        31.0,
        32.0,
        33.0,
        34.0,
        35.0,
        36.0,
        37.0,
        38.0,
        39.0,
        40.0,
        41.0,
        42.0,
        43.0,
        44.0,
        45.0,
        46.0,
        47.0,
        48.0,
        49.0,
        50.0,
        51.0,
        52.0,
        53.0,
        54.0,
        55.0,
        56.0,
        57.0,
        58.0,
        59.0,
        60.0,
        61.0,
        62.0,
        63.0,
        64.0,
        65.0,
        66.0,
        67.0,
        68.0,
        69.0,
        70.0,
        71.0,
        72.0,
        73.0,
        74.0,
        75.0,
        76.0,
        77.0,
        78.0,
        79.0,
        80.0,
        81.0,
        82.0,
        83.0,
        84.0,
        85.0,
        86.0,
        87.0,
        88.0,
        89.0,
        90.0,
        91.0,
        92.0,
        93.0,
        94.0,
        95.0,
        96.0,
        97.0,
        98.0,
        99.0,
        100.0
    ],
    "demtherm": [
        0.04110770098497441,
        0.04282326101296827,
        0.04166675193840487,
        0.03835479970389024,
        0.03402035000953635,
        0.02977517594333941,
        0.02636452897480276,
        0.024029403898113887,
        0.022573198359144543,
        0.02155739841815037,
        0.020532675587133255,
        0.01922236215055751,
        0.017602219182622073,
        0.01586409903153681,
        0.014299412941537092,
        0.013165042755267808,
        0.012585871758413943,
        0.012518829217771194,
        0.012777700015234431,
        0.013104348400354689,
        0.013262214352017371,
        0.013118090611047269,
        0.01267865719603765,
        0.01206825881980381,
        0.011464217687637852,
        0.011023435015044335,
        0.01082860351291817,
        0.010865440520706057,
        0.01103116627261645,
        0.011171534234706397,
        0.011138617854153196,
        0.010850001380632596,
        0.01032281303301382,
        0.009665350823460128,
        0.009031213941984579,
        0.008558908952750747,
        0.008322171095952947,
        0.008306772547552008,
        0.00841911430506473,
        0.008524045882995447,
        0.008500578306571851,
        0.0082946055462812,
        0.007945265447431987,
        0.007572109128445641,
        0.007328397772745282,
        0.007339427231700566,
        0.007647799548759809,
        0.00818413142906751,
        0.00877651958899942,
        0.00920243569615767,
        0.009268740659434983,
        0.00888633362747717,
        0.008102350438227183,
        0.0070736775221388595,
        0.005998602702857794,
        0.005044316931248795,
        0.004302981075865653,
        0.003786485659489736,
        0.00344925484765007,
        0.003221242156648439,
        0.0030372397261011624,
        0.002855404097756199,
        0.002662886981306474,
        0.002470049806595951,
        0.0022978151514126653,
        0.0021642458522811705,
        0.0020753853431785063,
        0.002022617901422668,
        0.0019861888775182094,
        0.0019428856127366508,
        0.0018748416789344615,
        0.001775921550347566,
        0.0016529590341409547,
        0.0015215766470712616,
        0.001399079670458474,
        0.001297990318754501,
        0.0012225788843140094,
        0.0011686885490327767,
        0.0011259889767882235,
        0.0010817610339069093,
        0.0010253496334475627,
        0.0009519324637038362,
        0.0008639747165940196,
        0.0007696173710665464,
        0.0006789467421772895,
        0.0006001913913112738,
        0.0005374904949341585,
        0.0004905758213734862,
        0.0004557901969836448,
        0.000427837989854138,
        0.00040194945189281643,
        0.00037605714861968704,
        0.00035220712751036365,
        0.00033634975835455526,
        0.0003361654996810303,
        0.0003574118408669539,
        0.0004000370785709572,
        0.000455781512142335,
        0.000508918237360753,
        0.0005407562280264493,
        0.0005365492204325909
    ],
    "reptherm": [
        0.0004940264914224433,
        0.0005397386372726671,
        0.0005563228922067969,
        0.0005529227855107609,
        0.0005447226675098475,
        0.00054665860505932,
        0.0005675008362609304,
        0.0006062746271245672,
        0.0006522913990300537,
        0.0006893679943043298,
        0.0007032416514883703,
        0.0006890208367967724,
        0.0006546966680737181,
        0.0006186697975264993,
        0.0006026709750393517,
        0.0006235929691725483,
        0.0006874061442268511,
        0.0007868857195742084,
        0.0009039577133247909,
        0.0010166455736406715,
        0.0011085671733344425,
        0.0011764991563737851,
        0.0012316418532087384,
        0.0012940720809340805,
        0.001384234876455318,
        0.0015157741023352257,
        0.0016906901979926309,
        0.0018957711720044455,
        0.0021016660952969893,
        0.0022691102108719514,
        0.0023642993650417666,
        0.0023773768482167083,
        0.0023325811900846865,
        0.002282564198352265,
        0.0022894525312016785,
        0.002401903156881807,
        0.0026364900800227736,
        0.002968184991427885,
        0.003333905951317904,
        0.0036526895169374024,
        0.0038599727244549658,
        0.0039431487196093795,
        0.00396088929599129,
        0.004035799378156986,
        0.004322028924601919,
        0.00495556494541793,
        0.005995658202544206,
        0.00737234765125699,
        0.008868785732405085,
        0.010168643259344195,
        0.010968822581081068,
        0.011108868092205817,
        0.010644324008164764,
        0.00982131075917417,
        0.008971876281271388,
        0.008390890945674336,
        0.008247539027680457,
        0.008550313593897265,
        0.009161820655934646,
        0.009856441309790919,
        0.01040896510082752,
        0.010685071718878269,
        0.010693653000130105,
        0.010577359778205633,
        0.010551896769239533,
        0.010825737037311668,
        0.011527230646099432,
        0.01265435837384559,
        0.014062860628495745,
        0.015509995476251516,
        0.016749336638030462,
        0.017632976314765462,
        0.01816269272229057,
        0.018466648851812307,
        0.0187316294375897,
        0.01913661532921988,
        0.01980205525709675,
        0.020741576466878815,
        0.021821851817758423,
        0.02277404826554156,
        0.023291298309597377,
        0.023178714746539777,
        0.02246345997553903,
        0.021391292349609906,
        0.020317541438934085,
        0.01956374090530942,
        0.019306630234869785,
        0.019524709150425607,
        0.020005196240472766,
        0.020417019930733804,
        0.02044419720498257,
        0.01993383596175321,
        0.018983701264288548,
        0.017917878225953202,
        0.017160551314782602,
        0.01706284410545788,
        0.017741477187902525,
        0.01897852750002494,
        0.020233623123577665,
        0.02080637707307776,
        0.02011749609734998
    ],
    "demtherm_avg": 19.547708288026268,
    "reptherm_avg": 75.0982735948156
}