{
    "x": [
        0.0,
        1.0,
        2.0,
        3.0,
        4.0,
        5.0,
        6.0,
        7.0,
        8.0,
        9.0,
        10.0,
        11.0,
        12.0,
        13.0,
        14.0,
        15.0,
        16.0,
        17.0,
        18.0,
        19.0,
        20.0,
        21.0,
        22.0,
        23.0,
        24.0,
        25.0,
        26.0,
        27.0,
        28.0,
        29.0,
        30.0,
        31.0,
        32.0,
        33.0,
        34.0,
        35.0,
        36.0,
        37.0,
        38.0,
        39.0,
        40.0,
        41.0,
        42.0,
        43.0,
        44.0,
        45.0,
        46.0,
        47.0,
        48.0,
        49.0,
        50.0,
        51.0,
        52.0,
        53.0,
        54.0,
        55.0,
        56.0,
        57.0,
        58.0,
        59.0,
        60.0,
        61.0,
        62.0,
        63.0,
        64.0,
        65.0,
        66.0,
        67.0,
        68.0,
        69.0,
        70.0,
        71.0,
        72.0,
        73.0,
        74.0,
        75.0,
        76.0,
        77.0,
        78.0,
        79.0,
        80.0,
        81.0,
        82.0,
        83.0,
        84.0,
        85.0,
        86.0,
        87.0,
        88.0,
        89.0,
        90.0,
        91.0,
        92.0,
        93.0,
        94.0,
        95.0,
        96.0,
        97.0,
        98.0,
        99.0,
        100.0
    ],
    "demtherm": [
        0.03997573617659076,
        0.04165515848576746,
        0.04092822689755208,
        0.03829573558214257,
        0.03459464425926108,
        0.030701618898500406,
        0.02727297625482327,
        0.024611874070339476,
        0.022682948479943163,
        0.02123477413898334,
        0.019962596237541874,
        0.018646368073841655,
        0.01722177800932272,
        0.015773709669539622,
        0.01447127075769313,
        0.013480699081220697,
        0.012892552104773842,
        0.012686823419306483,
        0.012742631810353877,
        0.01288410976594945,
        0.01294327322115201,
        0.012815635425488806,
        0.012487846906004522,
        0.012028985034035525,
        0.01155278894683337,
        0.011168696574944351,
        0.010940488852371115,
        0.010865164149635382,
        0.010876732668794908,
        0.010872570459661115,
        0.0107533478013747,
        0.010461943070803358,
        0.010005695525816753,
        0.009452695349452617,
        0.008904324185420726,
        0.008456432578641928,
        0.008165035315730472,
        0.00802893374058426,
        0.0079945556692786,
        0.007980626685523174,
        0.007913549796078027,
        0.00776001639151399,
        0.007543563569470914,
        0.007337549391821788,
        0.0072362600348923455,
        0.007314432084349941,
        0.007590123715088085,
        0.008005640142508342,
        0.00843620264341517,
        0.008726488326749502,
        0.008743077926001912,
        0.008421713723550255,
        0.007788667965713984,
        0.006947289901412758,
        0.006037743490123489,
        0.005189689592268906,
        0.004487698215493261,
        0.003959462123900528,
        0.0035850330145015684,
        0.0033179434713175196,
        0.0031078954627562073,
        0.0029175127179186643,
        0.002729696439262117,
        0.002545825690146799,
        0.0023777647651812652,
        0.0022379623718544474,
        0.0021316627097861143,
        0.0020537271968757713,
        0.001990512345056824,
        0.0019253702870191047,
        0.0018451371556862193,
        0.0017448094019812484,
        0.0016285993812251236,
        0.0015073126859912634,
        0.0013935989298618707,
        0.0012972504666864595,
        0.0012222196651335577,
        0.001165988955544343,
        0.0011210574217054613,
        0.001077827682812523,
        0.0010279112010438197,
        0.0009667356684745921,
        0.0008945398392585293,
        0.0008155200889256055,
        0.0007357482708059726,
        0.0006609398291362262,
        0.0005949374375380394,
        0.0005391844130238789,
        0.0004930181432092303,
        0.0004545280507256019,
        0.0004217761439575022,
        0.0003940910521669752,
        0.0003729367066304096,
        0.00036179317642970625,
        0.0003647713729329791,
        0.0003842546491602575,
        0.00041846099829971975,
        0.00046014444865419073,
        0.0004974449985007403,
        0.0005170598063031424,
        0.0005087069150974817
    ],
    "reptherm": [
        0.000500878297466249,
        0.0005475292692695812,
        0.0005688601174280003,
        0.0005710550182436237,
        0.0005650114480799451,
        0.000561903135673035,
        0.0005689576210873136,
        0.0005869902141254881,
        0.0006105200175096215,
        0.0006305153319233827,
        0.000638897395045155,
        0.0006330088359533773,
        0.0006179468576723727,
        0.0006054805104085651,
        0.0006098907780709661,
        0.0006424987111939754,
        0.0007071342846978279,
        0.0007983714170958801,
        0.0009033976009480834,
        0.0010070829156368696,
        0.0010983370515313996,
        0.0011749052864311203,
        0.0012443019956148646,
        0.0013205973219466832,
        0.0014187917830039832,
        0.001548979243895936,
        0.0017116086098101116,
        0.0018946430215703066,
        0.002074139567858803,
        0.0022201833441657798,
        0.0023080628871910455,
        0.0023305732475308086,
        0.002304859042183871,
        0.0022691311700190576,
        0.0022698357847478197,
        0.002344512478007114,
        0.0025070212551791516,
        0.0027406617185462335,
        0.0030026332943644853,
        0.0032403844027876915,
        0.003415971127203411,
        0.003529838694017359,
        0.003633660767909498,
        0.0038247671675277757,
        0.004220461666561891,
        0.004916469661717519,
        0.005939784951311431,
        0.0072131421659764,
        0.008552416303754638,
        0.009710905130427811,
        0.010462216976399095,
        0.010687559807678633,
        0.010424152401403857,
        0.009850016620189927,
        0.009214702267180718,
        0.00875080028397653,
        0.008602768384023138,
        0.00879398884524921,
        0.009235902705517685,
        0.0097721715280611,
        0.010242992183143203,
        0.010547509435643627,
        0.010680899165516431,
        0.010732587495287391,
        0.01084911275132704,
        0.011178288590390904,
        0.011814600581707815,
        0.012762893189893376,
        0.01393322546409408,
        0.015172058339328633,
        0.016319964096148776,
        0.017270203920193124,
        0.018000390889460725,
        0.01856642523560601,
        0.019069768284820463,
        0.019616349230328647,
        0.02027660642087594,
        0.021049591926356633,
        0.02184220198196126,
        0.022484783577157535,
        0.022793625817642587,
        0.022658300054295446,
        0.022106007367997536,
        0.02130357497287342,
        0.02049530598500418,
        0.01990957093404904,
        0.01967529802521032,
        0.01977673583261838,
        0.020059609926320245,
        0.02029005981520009,
        0.02025184754113816,
        0.019846510646262555,
        0.0191506839356464,
        0.018399085370191096,
        0.017894619323227532,
        0.01787779364629425,
        0.01840280887182373,
        0.019269385040093515,
        0.020050085337301515,
        0.020224296047634437,
        0.019378849773772227
    ],
    "demtherm_avg": 19.29393069055219,
    "reptherm_avg": 75.3136704719342
}