{
    "x": [
        0.0,
        1.0,
        2.0,
        3.0,
        4.0,
        5.0,
        6.0,
        7.0,
        8.0,
        9.0,
        10.0,
        11.0,
        12.0,
        13.0,
        14.0,
        15.0,
        16.0,
        17.0,
        18.0,
        19.0,
        20.0,
        21.0,
        22.0,
        23.0,
        24.0,
        25.0,
        26.0,
        27.0,
        28.0,
        29.0,
        30.0,
        31.0,
        32.0,
        33.0,
        34.0,
        35.0,
        36.0,
        37.0,
        38.0,
        39.0,
        40.0,
        41.0,
        42.0,
        43.0,
        44.0,
        45.0,
        46.0,
        47.0,
        48.0,
        49.0,
        50.0,
        51.0,
        52.0,
        53.0,
        54.0,
        55.0,
        56.0,
        57.0,
        58.0,
        59.0,
        60.0,
        61.0,
        62.0,
        63.0,
        64.0,
        65.0,
        66.0,
        67.0,
        68.0,
        69.0,
        70.0,
        71.0,
        72.0,
        73.0,
        74.0,
        75.0,
        76.0,
        77.0,
        78.0,
        79.0,
        80.0,
        81.0,
        82.0,
        83.0,
        84.0,
        85.0,
        86.0,
        87.0,
        88.0,
        89.0,
        90.0,
        91.0,
        92.0,
        93.0,
        94.0,
        95.0,
        96.0,
        97.0,
        98.0,
        99.0,
        100.0
    ],
    "demtherm": [
        0.0400080865918528,
        0.04169586119426579,
        0.040924107059433744,
        0.03821968531717807,
        0.03445581030900441,
        0.030538599901438167,
        0.02713578114344638,
        0.024542149974518784,
        0.022700191319897065,
        0.021332135370010327,
        0.02011214805739629,
        0.018810861754542673,
        0.017368022025183977,
        0.015882391976898006,
        0.014539934286335389,
        0.013519843182731079,
        0.012917624586178986,
        0.012709904023134384,
        0.012767002992961058,
        0.012903456831810139,
        0.012945458286651088,
        0.012789141311943891,
        0.012427776839749874,
        0.011939821129202315,
        0.011447005371552067,
        0.011062543589045315,
        0.010849276209243414,
        0.010799802939137368,
        0.010842120276571115,
        0.010867710652371165,
        0.01077297535333995,
        0.010499241763782597,
        0.010055203355487619,
        0.009512184293116913,
        0.008974858231426467,
        0.008540751596599862,
        0.008265169871179028,
        0.008144106016300052,
        0.008120153995879209,
        0.008108692057213011,
        0.008034801456363727,
        0.007866854462083918,
        0.0076329167634857234,
        0.007412342326941173,
        0.0073048284557358616,
        0.0073880353483814516,
        0.007679289006356763,
        0.008116338257723284,
        0.008567032512366535,
        0.008868102019626865,
        0.008880562605079178,
        0.008539350732284238,
        0.00787506563923862,
        0.006998487175192873,
        0.0060570165599474896,
        0.005184697937115348,
        0.004466884807519253,
        0.003929505506118594,
        0.0035500408932443053,
        0.003279975953746466,
        0.003067964867265366,
        0.002876384217133107,
        0.002688213146681093,
        0.0025048079340121675,
        0.0023377130621198864,
        0.00219884012104863,
        0.0020929528799301022,
        0.0020147814371020345,
        0.0019510388491408139,
        0.001885839003710915,
        0.0018069372518752643,
        0.0017101108585093278,
        0.001599972259985245,
        0.001487210396338544,
        0.0013838211261355878,
        0.0012984846635021388,
        0.0012337377639508275,
        0.0011855637163497913,
        0.001145163451925446,
        0.001102167923740996,
        0.0010482239944099893,
        0.0009797020342196057,
        0.0008985095802882284,
        0.0008108018866059866,
        0.0007243729294261977,
        0.0006460122239511226,
        0.0005798216642968423,
        0.0005267718640347672,
        0.0004852518143701167,
        0.0004522600427004125,
        0.0004249422136408436,
        0.00040209608630637324,
        0.0003850805265533653,
        0.00037756880982845934,
        0.0003839455867691756,
        0.00040674248995196445,
        0.0004440718587370538,
        0.0004882985155705737,
        0.0005269701903182849,
        0.0005461880434951768,
        0.0005353479870460556
    ],
    "reptherm": [
        0.0005095046955175635,
        0.0005549012154373131,
        0.0005738759044349711,
        0.0005732389113004431,
        0.0005644919336423526,
        0.0005591756883309159,
        0.0005646169994021756,
        0.0005815245848759514,
        0.000604148433420882,
        0.0006230632695832335,
        0.0006297986683599707,
        0.0006215385174679846,
        0.0006036641267885505,
        0.0005886969503272575,
        0.000591921389708433,
        0.0006255334128083635,
        0.0006937219225004051,
        0.0007906759659400323,
        0.0009025322274702956,
        0.0010128733340410275,
        0.001109701031015994,
        0.0011906741494813584,
        0.0012639879497874902,
        0.0013446134986178247,
        0.0014479880069310919,
        0.0015837711111706418,
        0.0017511392587816871,
        0.001936318188077409,
        0.0021137398389494727,
        0.0022526816242448536,
        0.0023291065935027804,
        0.0023382238862538203,
        0.00230085396725303,
        0.0022590268117042766,
        0.00226193502485975,
        0.0023480193312209892,
        0.002529975799152143,
        0.0027879930803122338,
        0.003074588996649153,
        0.0033318044442404854,
        0.0035169775581753164,
        0.0036281074984738713,
        0.003717743656646783,
        0.0038875353743170805,
        0.00426182784087823,
        0.004944636378714748,
        0.005970076669350397,
        0.00726363299413752,
        0.008636954884955863,
        0.009832346588195701,
        0.010609699267972597,
        0.010839874062703371,
        0.010557563455158684,
        0.009946276625295594,
        0.009265546008343534,
        0.008757988868092724,
        0.008575089494399361,
        0.008743079394638292,
        0.009172163280635404,
        0.009701753345883484,
        0.010166876815303325,
        0.010463153249217745,
        0.010585653007451214,
        0.010627190620912212,
        0.0107397916368999,
        0.011076802964745208,
        0.011735994141205732,
        0.012720901755779522,
        0.013934300288416397,
        0.015210683476679004,
        0.01637847742739397,
        0.017324121876677846,
        0.01802658853525579,
        0.01854976082611162,
        0.019005502444003987,
        0.019508929932293497,
        0.020136797855987418,
        0.020890973190816894,
        0.02167718152785419,
        0.022321166877938916,
        0.02263389619987897,
        0.022502594664313993,
        0.02195669558927473,
        0.02116771993917605,
        0.020383182835484733,
        0.019830811685478456,
        0.019635492264180255,
        0.019775683933111944,
        0.02009062883841195,
        0.020340085163375723,
        0.02030345363660581,
        0.01988272075890126,
        0.019161242121946157,
        0.018385199464251607,
        0.017869917619191707,
        0.01786518521193213,
        0.018427900971376726,
        0.019351238261241376,
        0.02019142913455559,
        0.020405944125865567,
        0.019563515872557332
    ],
    "demtherm_avg": 19.378368261748665,
    "reptherm_avg": 75.27459133557628
}