{
    "x": [
        0.0,
        1.0,
        2.0,
        3.0,
        4.0,
        5.0,
        6.0,
        7.0,
        8.0,
        9.0,
        10.0,
        11.0,
        12.0,
        13.0,
        14.0,
        15.0,
        16.0,
        17.0,
        18.0,
        19.0,
        20.0,
        21.0,
        22.0,
        23.0,
        24.0,
        25.0,
        26.0,
        27.0,
        28.0,
        29.0,
        30.0,
        31.0,
        32.0,
        33.0,
        34.0,
        35.0,
        36.0,
        37.0,
        38.0,
        39.0,
        40.0,
        41.0,
        42.0,
        43.0,
        44.0,
        45.0,
        46.0,
        47.0,
        48.0,
        49.0,
        50.0,
        51.0,
        52.0,
        53.0,
        54.0,
        55.0,
        56.0,
        57.0,
        58.0,
        59.0,
        60.0,
        61.0,
        62.0,
        63.0,
        64.0,
        65.0,
        66.0,
        67.0,
        68.0,
        69.0,
        70.0,
        71.0,
        72.0,
        73.0,
        74.0,
        75.0,
        76.0,
        77.0,
        78.0,
        79.0,
        80.0,
        81.0,
        82.0,
        83.0,
        84.0,
        85.0,
        86.0,
        87.0,
        88.0,
        89.0,
        90.0,
        91.0,
        92.0,
        93.0,
        94.0,
        95.0,
        96.0,
        97.0,
        98.0,
        99.0,
        100.0
    ],
    "demtherm": [
        0.040970968091805636,
        0.04268080168101374,
        0.041421744628053106,
        0.03796586975419919,
        0.03351719358733614,
        0.02923761757597543,
        0.025884657122381933,
        0.02367805049078879,
        0.022380693781302495,
        0.02150943135529715,
        0.020579896266415456,
        0.019300976431417666,
        0.017658353835640128,
        0.015871597023767635,
        0.014264154582597235,
        0.013116667099588331,
        0.012562992550944294,
        0.012553659660663853,
        0.012883911846641125,
        0.013271519904956263,
        0.013459872113912662,
        0.01330880157459898,
        0.012833998667191262,
        0.012179219912355786,
        0.011541632677302011,
        0.011090679335537418,
        0.010911825767018914,
        0.010984715372143407,
        0.011193409516405675,
        0.011366407336959615,
        0.011340195373370669,
        0.011025612432387507,
        0.010445993877942853,
        0.009726622174553947,
        0.009041806942328312,
        0.008546884125353803,
        0.00832337983778045,
        0.00835341339851771,
        0.008528495854122933,
        0.008691251259118227,
        0.008699221237223144,
        0.008487096550463388,
        0.00809879243484258,
        0.007673068172247982,
        0.007389111879484179,
        0.007395033200012405,
        0.0077446175064702,
        0.008362644364439537,
        0.009053960335962574,
        0.009562188964145023,
        0.009663228966884686,
        0.00925413374124247,
        0.0083917048825318,
        0.0072602065499722,
        0.006088990314651134,
        0.005066797993067044,
        0.004292300414875734,
        0.003771408234804451,
        0.0034464829286416834,
        0.0032352515947833686,
        0.0030636604269208712,
        0.0028856861333817364,
        0.002688673278179789,
        0.0024862778394794363,
        0.0023041471279237422,
        0.0021649235886853284,
        0.0020778023569468164,
        0.0020348953244280744,
        0.0020142365884552845,
        0.0019879109727617135,
        0.0019325024733889153,
        0.0018377385245918155,
        0.0017093999858883914,
        0.0015653124114805327,
        0.00142700860761302,
        0.001311524414307653,
        0.0012265537731938282,
        0.0011695607126175833,
        0.0011298772344185428,
        0.0010927924545960379,
        0.0010447561427596459,
        0.0009781655334774565,
        0.0008936786385720877,
        0.0007989202877078553,
        0.0007045162650926338,
        0.0006198114080986383,
        0.0005502115375143035,
        0.0004965622049908426,
        0.0004559377530077657,
        0.000423260856174205,
        0.00039353597439661237,
        0.00036431379708486784,
        0.0003374655828016718,
        0.0003192096456467283,
        0.0003179258767508655,
        0.000340235087765016,
        0.00038664907405348695,
        0.000448666623837951,
        0.000509261902191968,
        0.000547693397416893,
        0.0005472817597727178
    ],
    "reptherm": [
        0.0004913044602880258,
        0.0005357282318870817,
        0.0005502439297229453,
        0.0005456372582547043,
        0.0005389734928277027,
        0.0005465339776029863,
        0.0005773404455475199,
        0.0006292070622710283,
        0.0006886730159468415,
        0.0007357830977855669,
        0.0007529203895529298,
        0.0007339290443005881,
        0.000688417256798391,
        0.0006385857354122286,
        0.0006104968043322649,
        0.000624379276486225,
        0.0006876956118739233,
        0.0007925401919234757,
        0.0009180585867845835,
        0.001038218473821953,
        0.0011330205009324242,
        0.0011978005882305204,
        0.0012449145717327778,
        0.0012969955650830793,
        0.0013769039035224034,
        0.0015000546688520256,
        0.0016699097984585647,
        0.0018741750848064323,
        0.002082595121429844,
        0.002252328344689228,
        0.002344612642337786,
        0.0023462563006328104,
        0.002282076370694597,
        0.002209021462890238,
        0.0021952282871669877,
        0.0022951130827301167,
        0.002529465727221048,
        0.0028745433671018904,
        0.003264055560272341,
        0.0036092250215665786,
        0.0038358368585944616,
        0.003924302034336207,
        0.003932300688122692,
        0.003988098940013589,
        0.004257298658772854,
        0.0048915686209414595,
        0.0059657464451377306,
        0.007416261464832899,
        0.009013554591813211,
        0.010408586066387256,
        0.01125966092832959,
        0.011383861140897249,
        0.010844055731815565,
        0.009918561024740749,
        0.008978556352463939,
        0.008348229787162058,
        0.008208971426511535,
        0.0085641379032457,
        0.009255891204236276,
        0.010027682629104187,
        0.010623238086580824,
        0.010890048289717166,
        0.010838957303475071,
        0.010631268883664285,
        0.010508100746876579,
        0.010701536608952265,
        0.011356907407372368,
        0.012478092340892318,
        0.013911037140964411,
        0.015388936915478206,
        0.01663919033936315,
        0.017501950686954378,
        0.017988143508258187,
        0.018248101160341788,
        0.01849064027773229,
        0.018911181362733707,
        0.019642771787350362,
        0.02070502110167067,
        0.021952389335711007,
        0.02307809311072068,
        0.023723367068672216,
        0.023654981382966556,
        0.022896518971928355,
        0.021722917435708457,
        0.020531849557427515,
        0.019681860079181285,
        0.019373517258657505,
        0.019593017890706606,
        0.020114771886201782,
        0.020573969543460118,
        0.020612690829779304,
        0.0200506056624035,
        0.018988895709864423,
        0.017783659949106946,
        0.01690334661499211,
        0.01673865505947052,
        0.017429758343932258,
        0.018756751265663427,
        0.02014524522347929,
        0.020835819537810774,
        0.020192733680463818
    ],
    "demtherm_avg": 19.800974787055782,
    "reptherm_avg": 75.0500372212145
}