{
    "x": [
        0.0,
        1.0,
        2.0,
        3.0,
        4.0,
        5.0,
        6.0,
        7.0,
        8.0,
        9.0,
        10.0,
        11.0,
        12.0,
        13.0,
        14.0,
        15.0,
        16.0,
        17.0,
        18.0,
        19.0,
        20.0,
        21.0,
        22.0,
        23.0,
        24.0,
        25.0,
        26.0,
        27.0,
        28.0,
        29.0,
        30.0,
        31.0,
        32.0,
        33.0,
        34.0,
        35.0,
        36.0,
        37.0,
        38.0,
        39.0,
        40.0,
        41.0,
        42.0,
        43.0,
        44.0,
        45.0,
        46.0,
        47.0,
        48.0,
        49.0,
        50.0,
        51.0,
        52.0,
        53.0,
        54.0,
        55.0,
        56.0,
        57.0,
        58.0,
        59.0,
        60.0,
        61.0,
        62.0,
        63.0,
        64.0,
        65.0,
        66.0,
        67.0,
        68.0,
        69.0,
        70.0,
        71.0,
        72.0,
        73.0,
        74.0,
        75.0,
        76.0,
        77.0,
        78.0,
        79.0,
        80.0,
        81.0,
        82.0,
        83.0,
        84.0,
        85.0,
        86.0,
        87.0,
        88.0,
        89.0,
        90.0,
        91.0,
        92.0,
        93.0,
        94.0,
        95.0,
        96.0,
        97.0,
        98.0,
        99.0,
        100.0
    ],
    "demtherm": [
        0.000491415816219065,
        0.0005215015952284882,
        0.0005211709383138719,
        0.0005031452526959785,
        0.00048341041069579544,
        0.0004753303100151503,
        0.00048646778783379996,
        0.0005174118001348974,
        0.0005616453943730897,
        0.0006072749886233601,
        0.0006417192807597365,
        0.0006579470282194619,
        0.0006585122839776034,
        0.0006547262524100504,
        0.0006619095962841244,
        0.0006937916515461931,
        0.0007579674931864514,
        0.0008525223390708247,
        0.0009645407573253854,
        0.0010729829939270003,
        0.0011572377489363788,
        0.001207837198176965,
        0.001232340139407828,
        0.0012521273197268242,
        0.0012926814629270068,
        0.0013736108353094418,
        0.0015020339017176993,
        0.001668942511464033,
        0.0018487009254534734,
        0.002004946915557862,
        0.002104639691944398,
        0.00213460616620211,
        0.0021099573164707077,
        0.0020684980021582876,
        0.002055521858002122,
        0.0021081758888754952,
        0.002244362785142708,
        0.0024558915130360967,
        0.0027069466961546986,
        0.002943220612401241,
        0.003114589016518859,
        0.003203991399588755,
        0.003247816580616455,
        0.0033369705097565593,
        0.0035972647979036244,
        0.00415156613167406,
        0.005065790834055672,
        0.0062903975264660475,
        0.0076305464462641135,
        0.008785778722401572,
        0.009465948563405725,
        0.009528674813194818,
        0.009052381558610075,
        0.008297775761465905,
        0.007588363873227123,
        0.007185284401729619,
        0.007211612942444833,
        0.007634743240328792,
        0.008293984095022544,
        0.00896576702809559,
        0.009455198123463527,
        0.00967899152967183,
        0.009694414144622195,
        0.009659779719478933,
        0.00975968980924465,
        0.010141531745332277,
        0.010878886994143458,
        0.011948771726784322,
        0.013221701080793707,
        0.014491075196476166,
        0.0155558294606503,
        0.016315873734736124,
        0.016810481283847965,
        0.01717434630554774,
        0.01755999258520628,
        0.01808963593377834,
        0.0188400880670356,
        0.019816491552333112,
        0.020905657798719026,
        0.021870143389543246,
        0.022441001379174926,
        0.022471212602480795,
        0.022032936294721202,
        0.02138155124369108,
        0.02082647009153204,
        0.020609467940988387,
        0.020841523277449994,
        0.021475217671942635,
        0.022292070251742215,
        0.022940899913557838,
        0.02306863745835043,
        0.022504327038486628,
        0.021381934971950286,
        0.02011495494157457,
        0.019238408643919593,
        0.01920006893936703,
        0.020167478156198362,
        0.021890620530911096,
        0.023685029264572135,
        0.024618999915178737,
        0.02389741696703745
    ],
    "reptherm": [
        0.04057367318546608,
        0.0422041718334166,
        0.040985701363037606,
        0.03770820933874661,
        0.03354518767507161,
        0.029587227451546662,
        0.026507096877793304,
        0.024461170700873003,
        0.023195853467166877,
        0.022261924787352,
        0.02123955614453658,
        0.019900210364020933,
        0.018261467204831176,
        0.016532451456054864,
        0.014992585120688927,
        0.013867690828468093,
        0.013251590420394187,
        0.013087273212264126,
        0.013198201550223788,
        0.013354011108941783,
        0.01335137712409736,
        0.013082537703260622,
        0.012562811281929414,
        0.011906576740159202,
        0.011268981448735046,
        0.010784632376801329,
        0.010525400819831417,
        0.010482275930961286,
        0.010569489883545998,
        0.010651962352876663,
        0.010594215909771214,
        0.010315098289026192,
        0.009822034528169923,
        0.00920641881427035,
        0.0086040775136056,
        0.008142256219774258,
        0.007895250282755444,
        0.007860959488583865,
        0.007962901093548191,
        0.008078706074420065,
        0.00808951680319421,
        0.007933006846453365,
        0.007635615055186273,
        0.007306879293738274,
        0.007097155566780546,
        0.0071361088027145185,
        0.00747470356543427,
        0.008051079346401167,
        0.00869584989892124,
        0.009182522288331666,
        0.009309499980974523,
        0.008978832156651923,
        0.008231947354560315,
        0.007224383384863831,
        0.00615683275710552,
        0.005201833820646758,
        0.004459415044553235,
        0.003950869233386553,
        0.0036390489689663765,
        0.0034578821469078156,
        0.003339046820564642,
        0.0032303154722098525,
        0.0031038256341691215,
        0.0029549536554660636,
        0.002794843152413469,
        0.0026407592882708737,
        0.0025074223327703183,
        0.002400812462714446,
        0.002315465570959162,
        0.0022364541087744457,
        0.0021460300771459404,
        0.0020320778540065137,
        0.0018936615788165475,
        0.001740485179280814,
        0.0015871455443238773,
        0.001446188356609678,
        0.0013237880599200349,
        0.0012192715616164492,
        0.0011273484620280773,
        0.0010412759970505284,
        0.0009556895795289796,
        0.0008683479743720231,
        0.0007803701649235455,
        0.0006950862117883153,
        0.0006163164682824228,
        0.0005470808382973415,
        0.0004891384769153141,
        0.00044298275854217305,
        0.00040779326785527576,
        0.0003814229942074169,
        0.0003610106013329762,
        0.00034457745041800914,
        0.0003331080042429205,
        0.0003318175703680217,
        0.00034920540748585035,
        0.00039328259563126963,
        0.00046590138570295033,
        0.0005578402322723839,
        0.0006480953630207678,
        0.0007094599967634805,
        0.0007189134005400991
    ],
    "demtherm_avg": 76.90041010433968,
    "reptherm_avg": 19.85430686789542
}