{
    "x": [
        0.0,
        1.0,
        2.0,
        3.0,
        4.0,
        5.0,
        6.0,
        7.0,
        8.0,
        9.0,
        10.0,
        11.0,
        12.0,
        13.0,
        14.0,
        15.0,
        16.0,
        17.0,
        18.0,
        19.0,
        20.0,
        21.0,
        22.0,
        23.0,
        24.0,
        25.0,
        26.0,
        27.0,
        28.0,
        29.0,
        30.0,
        31.0,
        32.0,
        33.0,
        34.0,
        35.0,
        36.0,
        37.0,
        38.0,
        39.0,
        40.0,
        41.0,
        42.0,
        43.0,
        44.0,
        45.0,
        46.0,
        47.0,
        48.0,
        49.0,
        50.0,
        51.0,
        52.0,
        53.0,
        54.0,
        55.0,
        56.0,
        57.0,
        58.0,
        59.0,
        60.0,
        61.0,
        62.0,
        63.0,
        64.0,
        65.0,
        66.0,
        67.0,
        68.0,
        69.0,
        70.0,
        71.0,
        72.0,
        73.0,
        74.0,
        75.0,
        76.0,
        77.0,
        78.0,
        79.0,
        80.0,
        81.0,
        82.0,
        83.0,
        84.0,
        85.0,
        86.0,
        87.0,
        88.0,
        89.0,
        90.0,
        91.0,
        92.0,
        93.0,
        94.0,
        95.0,
        96.0,
        97.0,
        98.0,
        99.0,
        100.0
    ],
    "demtherm": [
        0.04101328296652957,
        0.04273259096861839,
        0.041321332292798316,
        0.03763608899690425,
        0.032988190236752424,
        0.028612754931546455,
        0.02528432825133402,
        0.023194739825450547,
        0.02205630599694003,
        0.021331360119516706,
        0.020492477119157002,
        0.019230302112813277,
        0.017542448998430545,
        0.01568243073109408,
        0.014012533335673068,
        0.01284209498849936,
        0.012316721749543822,
        0.012380877761924747,
        0.012807693881771146,
        0.013282770442950197,
        0.013519732171863608,
        0.01336538954703412,
        0.012845356277438517,
        0.012129155426329242,
        0.011440947237988995,
        0.010967017698448139,
        0.01079641753541059,
        0.010901080910044107,
        0.011148814614691381,
        0.011347355547460818,
        0.011315577363515048,
        0.01095890667618559,
        0.010311347106495153,
        0.009519899639217115,
        0.008781412880477188,
        0.008266321974352982,
        0.008060890611340918,
        0.008142052885181045,
        0.008387535320413527,
        0.008620523344485206,
        0.008679691571265382,
        0.008489275050315541,
        0.008096004184970139,
        0.007653815320477536,
        0.0073642679566148315,
        0.007398423089570584,
        0.007826023736794438,
        0.008572059441678073,
        0.009419600685671959,
        0.010071975092464705,
        0.010262385886100837,
        0.009863825129008035,
        0.008939477372215858,
        0.007704839275346871,
        0.0064274961510400325,
        0.0053243481759285664,
        0.004505034979808075,
        0.003971800671386534,
        0.003655176636322657,
        0.00345880115464036,
        0.003296575189467875,
        0.003115409982341764,
        0.002901730031770675,
        0.0026733237658588768,
        0.0024623134499540296,
        0.002297365150161665,
        0.0021915213446132343,
        0.002138060379204947,
        0.002113847140900488,
        0.0020883439719187823,
        0.0020351858902988647,
        0.0019417168986478293,
        0.0018121649986001472,
        0.0016634437617411354,
        0.0015167888287574134,
        0.0013899867866468323,
        0.0012929169861465287,
        0.0012262244082703747,
        0.001182084964129047,
        0.001146966242557584,
        0.001106540150924577,
        0.001051387076853741,
        0.000980632100168507,
        0.0009013905757491887,
        0.0008245787387697584,
        0.0007597825447984682,
        0.0007117374490939601,
        0.0006792968218197646,
        0.000656454252084376,
        0.0006347862250373232,
        0.0006068086719168015,
        0.0005694018262887667,
        0.0005259747816351803,
        0.00048620415437080483,
        0.00046305450854860564,
        0.0004677375339794194,
        0.0005039812665862134,
        0.0005637221218753033,
        0.0006268929062891427,
        0.000667121043735766,
        0.0006620674505149208
    ],
    "reptherm": [
        0.0005673761831301174,
        0.0006053543695235478,
        0.0006007160789982908,
        0.0005707528582785681,
        0.0005396912615396222,
        0.0005283973204184599,
        0.0005473865503502536,
        0.0005939419031881124,
        0.0006527522421043603,
        0.0007008746507507693,
        0.0007174083488947431,
        0.0006942959779741037,
        0.0006416749324992159,
        0.0005839995907627182,
        0.0005496927982406632,
        0.0005605630566646234,
        0.00062488512575426,
        0.000734420661374296,
        0.0008657108994983465,
        0.0009877576309894373,
        0.0010758122899638802,
        0.0011243718588211443,
        0.0011498791380944561,
        0.001180935406594431,
        0.0012444652543502968,
        0.0013576219890564876,
        0.0015256258699518944,
        0.0017384157139934083,
        0.001964898211909039,
        0.002154989399795807,
        0.0022587389695243073,
        0.0022552893594092282,
        0.002170752580197757,
        0.0020708908098845207,
        0.002034765699781471,
        0.0021262905204555474,
        0.002373220706004411,
        0.0027533057397232732,
        0.0031908978844775566,
        0.0035759371444649903,
        0.0038099878256267253,
        0.003860312914132981,
        0.0037894151324944078,
        0.0037436055192772394,
        0.003912305778067904,
        0.0044758456618689555,
        0.005542288629549696,
        0.007071926945429471,
        0.008823765120427731,
        0.010390290871089673,
        0.011350504969085726,
        0.011472543622114487,
        0.010833124693180762,
        0.00977272317972912,
        0.008729828315250892,
        0.008069697143432942,
        0.00798481632270482,
        0.008465837460777927,
        0.009317507836693037,
        0.010222836800050717,
        0.01086446608736454,
        0.011063880313177695,
        0.010858401813703754,
        0.01046949970216043,
        0.0101966452457886,
        0.010308845340266895,
        0.010968822636246902,
        0.01217928111103841,
        0.013754514537601749,
        0.015361888271531501,
        0.016658074675370962,
        0.017455164975273413,
        0.01779786633736403,
        0.0179013779218243,
        0.018024831098680985,
        0.018387919270986885,
        0.01914347148834042,
        0.020332866217001533,
        0.02180114694675353,
        0.02316887995487003,
        0.0239667614349845,
        0.023888339338428582,
        0.022974809186193313,
        0.021590222713741683,
        0.020229283209127657,
        0.019314030721966344,
        0.01907668965107512,
        0.019510280462676822,
        0.020353182920079264,
        0.021144332095180067,
        0.021397810551257175,
        0.020843970170149974,
        0.01958836329601916,
        0.018080839314248396,
        0.01692623712433259,
        0.01664913867438665,
        0.017487096905392976,
        0.019235550008983852,
        0.021204518310057516,
        0.022398027842804716,
        0.021934902614248304
    ],
    "demtherm_avg": 20.4165535825762,
    "reptherm_avg": 75.45102395105107
}