{
    "x": [
        0.0,
        1.0,
        2.0,
        3.0,
        4.0,
        5.0,
        6.0,
        7.0,
        8.0,
        9.0,
        10.0,
        11.0,
        12.0,
        13.0,
        14.0,
        15.0,
        16.0,
        17.0,
        18.0,
        19.0,
        20.0,
        21.0,
        22.0,
        23.0,
        24.0,
        25.0,
        26.0,
        27.0,
        28.0,
        29.0,
        30.0,
        31.0,
        32.0,
        33.0,
        34.0,
        35.0,
        36.0,
        37.0,
        38.0,
        39.0,
        40.0,
        41.0,
        42.0,
        43.0,
        44.0,
        45.0,
        46.0,
        47.0,
        48.0,
        49.0,
        50.0,
        51.0,
        52.0,
        53.0,
        54.0,
        55.0,
        56.0,
        57.0,
        58.0,
        59.0,
        60.0,
        61.0,
        62.0,
        63.0,
        64.0,
        65.0,
        66.0,
        67.0,
        68.0,
        69.0,
        70.0,
        71.0,
        72.0,
        73.0,
        74.0,
        75.0,
        76.0,
        77.0,
        78.0,
        79.0,
        80.0,
        81.0,
        82.0,
        83.0,
        84.0,
        85.0,
        86.0,
        87.0,
        88.0,
        89.0,
        90.0,
        91.0,
        92.0,
        93.0,
        94.0,
        95.0,
        96.0,
        97.0,
        98.0,
        99.0,
        100.0
    ],
    "demtherm": [
        0.04087740696953798,
        0.04259727599173278,
        0.04133975169098352,
        0.03788157553526693,
        0.03343390025899959,
        0.029164176498760304,
        0.025832011484640933,
        0.023655849441499455,
        0.022394458815642924,
        0.021558367442593446,
        0.02065618698101837,
        0.019391564200944605,
        0.017748949995659458,
        0.015951142214673367,
        0.014327680579818026,
        0.013165565956418166,
        0.012602956514068887,
        0.012591256490693377,
        0.012923085798998526,
        0.0133115022947122,
        0.013495657757626555,
        0.013334112121630309,
        0.012845111186981218,
        0.012177482671173651,
        0.011533475938025764,
        0.011085539924830499,
        0.010919249887042157,
        0.011011638008227161,
        0.011242075522003077,
        0.011433354076372986,
        0.01141687723246828,
        0.011100860370916368,
        0.010509532231641664,
        0.009772156338924516,
        0.009068446433490321,
        0.008558606039636105,
        0.008327044756090257,
        0.008356120642029794,
        0.008535073597284773,
        0.008702694174961794,
        0.008712712410088367,
        0.00849759966711145,
        0.008101362682832992,
        0.0076647253110523105,
        0.007369639036817293,
        0.0073668457727986665,
        0.007712116715492141,
        0.008331179235903948,
        0.009028334440800184,
        0.009545010422242978,
        0.009653914909129271,
        0.009249298144270671,
        0.008386855569713312,
        0.00725183831505999,
        0.006076001682695568,
        0.0050506916650851314,
        0.004276306254671214,
        0.0037590531599532456,
        0.0034402027676171064,
        0.003235545563350743,
        0.003069068949938235,
        0.002893520977944267,
        0.002696084482441531,
        0.0024911402955696362,
        0.0023054683242496802,
        0.0021628183862102053,
        0.002073272200327985,
        0.002029592663680225,
        0.0020102285208648016,
        0.0019873688653675257,
        0.0019372963278902736,
        0.0018490256582809166,
        0.0017273575131002894,
        0.001589122270137581,
        0.001455086414935806,
        0.0013418637292441698,
        0.001257022919381582,
        0.001198077267107579,
        0.001154528184169029,
        0.001112030811618018,
        0.001057713904548848,
        0.0009849561580231663,
        0.00089548266103128,
        0.0007977397880670048,
        0.0007026708459831957,
        0.0006193761626547866,
        0.0005525850585092189,
        0.0005022497382632004,
        0.00046454592847135857,
        0.0004336749423635918,
        0.000404251694642169,
        0.00037386850770424704,
        0.0003448605548981416,
        0.0003241919577748132,
        0.0003210410876778584,
        0.00034264170734202423,
        0.0003897496414708435,
        0.0004536470029797431,
        0.0005166676031681542,
        0.0005572047941751507,
        0.0005578166665973218
    ],
    "reptherm": [
        0.0004947010192675527,
        0.0005380451066887692,
        0.0005508763490201995,
        0.0005445599519090584,
        0.0005366982317657775,
        0.0005438326480165949,
        0.0005749427647232095,
        0.0006276107287119989,
        0.0006880529909358842,
        0.0007359374774234763,
        0.0007532640605104848,
        0.0007336022782027736,
        0.0006865141117773559,
        0.0006343990629895672,
        0.0006036600065304231,
        0.00061487281159652,
        0.0006757633585122277,
        0.0007785577626700462,
        0.0009023786233782092,
        0.0010210616096247376,
        0.001114523375050933,
        0.001178252685401084,
        0.0012250399998958127,
        0.0012780553175387828,
        0.0013605213167123696,
        0.001487863947182832,
        0.0016631775067101056,
        0.0018734475016102246,
        0.002087392531738991,
        0.0022610403750922673,
        0.0023548448917007528,
        0.0023556893711546645,
        0.0022895154514944466,
        0.002215126881564916,
        0.002202623706790625,
        0.002307892688726644,
        0.0025521899251055224,
        0.002910717683474325,
        0.003314295264564297,
        0.003669890030352951,
        0.0038991851486883636,
        0.003980479461887746,
        0.003972185680370918,
        0.0040054658759581885,
        0.004249593804912802,
        0.0048598273405748935,
        0.005914354443714086,
        0.007352344773724092,
        0.008945290499721861,
        0.010342672442075766,
        0.01119950875791634,
        0.01132989139053701,
        0.0107956649275385,
        0.009875914970647192,
        0.008942984163465893,
        0.008321665324060425,
        0.008193459597898849,
        0.008561466189848953,
        0.00926667089333652,
        0.010049984843457718,
        0.010652108475007003,
        0.010918938541421563,
        0.010862343286294231,
        0.010646588990502864,
        0.010516000775858706,
        0.010704995152343,
        0.011360079988929654,
        0.01248472749053566,
        0.013922125432198304,
        0.015400707234532908,
        0.0166436811512217,
        0.01749089169906859,
        0.01795777896499823,
        0.018201478044131095,
        0.018436368424037338,
        0.01886083163582803,
        0.019609020744021325,
        0.020699778088039418,
        0.02198287328876239,
        0.023141622333352912,
        0.023805202764047434,
        0.023732807580969233,
        0.02294991941345925,
        0.021741983837338618,
        0.0205201976792338,
        0.019653945718238548,
        0.019349045869531824,
        0.01959060605937655,
        0.020145737836651988,
        0.02063778208087709,
        0.02069667259285537,
        0.02013499779878019,
        0.019054813558846282,
        0.017819603354517235,
        0.016907828068693842,
        0.016719600636495906,
        0.01740194260215325,
        0.018736990149865,
        0.02014517888530104,
        0.02085527567837293,
        0.020218944843198264
    ],
    "demtherm_avg": 19.84668351778079,
    "reptherm_avg": 75.05786681569268
}