{
    "x": [
        0.0,
        1.0,
        2.0,
        3.0,
        4.0,
        5.0,
        6.0,
        7.0,
        8.0,
        9.0,
        10.0,
        11.0,
        12.0,
        13.0,
        14.0,
        15.0,
        16.0,
        17.0,
        18.0,
        19.0,
        20.0,
        21.0,
        22.0,
        23.0,
        24.0,
        25.0,
        26.0,
        27.0,
        28.0,
        29.0,
        30.0,
        31.0,
        32.0,
        33.0,
        34.0,
        35.0,
        36.0,
        37.0,
        38.0,
        39.0,
        40.0,
        41.0,
        42.0,
        43.0,
        44.0,
        45.0,
        46.0,
        47.0,
        48.0,
        49.0,
        50.0,
        51.0,
        52.0,
        53.0,
        54.0,
        55.0,
        56.0,
        57.0,
        58.0,
        59.0,
        60.0,
        61.0,
        62.0,
        63.0,
        64.0,
        65.0,
        66.0,
        67.0,
        68.0,
        69.0,
        70.0,
        71.0,
        72.0,
        73.0,
        74.0,
        75.0,
        76.0,
        77.0,
        78.0,
        79.0,
        80.0,
        81.0,
        82.0,
        83.0,
        84.0,
        85.0,
        86.0,
        87.0,
        88.0,
        89.0,
        90.0,
        91.0,
        92.0,
        93.0,
        94.0,
        95.0,
        96.0,
        97.0,
        98.0,
        99.0,
        100.0
    ],
    "demtherm": [
        0.0004861862330343739,
        0.0004968598268485432,
        0.0004741068948367717,
        0.00043493425172727693,
        0.00040024224416203644,
        0.00038678927301741766,
        0.00040213953200319484,
        0.00044339958285092516,
        0.0004990143011701894,
        0.0005530544180936758,
        0.0005913750524689547,
        0.0006077039870906714,
        0.0006066847550205072,
        0.0006021304905102629,
        0.000611607209120151,
        0.0006501954212529276,
        0.0007255159040582424,
        0.0008346271120119101,
        0.000963473868154801,
        0.0010904771715371541,
        0.0011947462922004182,
        0.0012657360808486717,
        0.0013086105570188778,
        0.00134175750917089,
        0.0013883171147521553,
        0.0014668067732388958,
        0.0015843383200175624,
        0.001732970607567136,
        0.0018897530213335702,
        0.002022736913851783,
        0.00210361689102628,
        0.0021219679093266992,
        0.002092407589526589,
        0.002049807744425317,
        0.0020357944977597094,
        0.0020840416003778416,
        0.002209383590306099,
        0.0024019693919338347,
        0.002627916865219356,
        0.002839796581686367,
        0.00299748844885984,
        0.003092410691674949,
        0.0031633886453772166,
        0.0032957914665508754,
        0.003602527021550522,
        0.0041886462027996155,
        0.005102764987311247,
        0.006287914585983494,
        0.007560821563879064,
        0.008651396301876014,
        0.00930422467859028,
        0.009395129575355834,
        0.008992862434424995,
        0.00832748986547395,
        0.007688809973478782,
        0.007315634529910029,
        0.00732457476242201,
        0.007691294823975768,
        0.00827626520919646,
        0.00888528397842382,
        0.009349864038106503,
        0.009596790726738944,
        0.009671990783939677,
        0.009708955681687783,
        0.00986745178892909,
        0.010278096519848385,
        0.011006698458602138,
        0.012032226799397713,
        0.01324037164489502,
        0.014451940099275426,
        0.0154931689187994,
        0.016274344890670898,
        0.01682284935285431,
        0.01725082757531558,
        0.017692722697087722,
        0.018259872059671223,
        0.019018288458231176,
        0.019962525421744724,
        0.020982773580623067,
        0.021869681822597443,
        0.02239530120173838,
        0.022437477443008304,
        0.02205848906777918,
        0.021478914431347505,
        0.020974253710747633,
        0.020769002314057306,
        0.02097097325380225,
        0.021537615227181083,
        0.022266330691813465,
        0.022836898066133777,
        0.022932006159568294,
        0.022398864751736376,
        0.02135805637894836,
        0.020186019062398208,
        0.019376594988368093,
        0.019345104418000015,
        0.020239851786920962,
        0.021814014750833333,
        0.023423722690271053,
        0.024213855444588383,
        0.023465929102396872
    ],
    "reptherm": [
        0.04013011315333966,
        0.04178738284767998,
        0.04075336775266222,
        0.03773028924736466,
        0.03378285000704524,
        0.029924431623528633,
        0.026807696164853106,
        0.024620629980520222,
        0.023171047814364312,
        0.022076233215393936,
        0.02096636114477326,
        0.01963152829963619,
        0.018073624240164468,
        0.016462748847552,
        0.015034785094552713,
        0.013983599124171409,
        0.013389714204581201,
        0.013200792952071258,
        0.013258524177462493,
        0.013357700615414657,
        0.01331815510454773,
        0.013044384507993676,
        0.01254904676465787,
        0.011932347393443286,
        0.011331654394943637,
        0.010867184102480465,
        0.01060334389032038,
        0.0105319652032619,
        0.010576910863609946,
        0.010619646103178832,
        0.010542179843907897,
        0.010273649164872388,
        0.009819448362388936,
        0.009258021907192307,
        0.008707648110202344,
        0.008280026762477612,
        0.008039826316815157,
        0.00798284603822181,
        0.008038517850930384,
        0.008097280280770247,
        0.008056045813862657,
        0.007865281014004178,
        0.007556396985193441,
        0.007234996238302371,
        0.007041188487081354,
        0.007092434634217932,
        0.007430178468593454,
        0.007989976575113793,
        0.008609156703330255,
        0.00907518616327576,
        0.009200536394152867,
        0.008892874652054353,
        0.008186871586995895,
        0.007222703012245241,
        0.006185631044341518,
        0.005239849810880216,
        0.004486012626674504,
        0.00395238568441575,
        0.00361119746102277,
        0.00340508129927962,
        0.0032718332784498812,
        0.00316166988010716,
        0.003045345862078194,
        0.0029139741303346183,
        0.002773180586485471,
        0.0026350276444838333,
        0.0025105322969337,
        0.0024043993920455425,
        0.0023128973200056166,
        0.0022254594212505687,
        0.0021295586060792716,
        0.002016632009635295,
        0.0018858645227725404,
        0.001743838886777599,
        0.0016007456991093407,
        0.0014657966800532202,
        0.00134426346265373,
        0.0012368707884130045,
        0.0011408608538104052,
        0.0010517750986023852,
        0.0009653383375405801,
        0.0008789965615520461,
        0.0007926421962184859,
        0.000708309338479962,
        0.0006291599592827658,
        0.0005583926010962765,
        0.0004984654721403248,
        0.00045058136026221787,
        0.00041429974882823865,
        0.00038747959377293553,
        0.0003669980229083369,
        0.00035037795949264427,
        0.00033771964988651954,
        0.00033274876908142556,
        0.00034187491118358284,
        0.00037099449765577404,
        0.0004210684430134958,
        0.0004846615303702842,
        0.0005458623911719777,
        0.0005847129823609367,
        0.0005847528067195453
    ],
    "demtherm_avg": 76.95441079074138,
    "reptherm_avg": 19.733330822754855
}