{
    "x": [
        0.0,
        1.0,
        2.0,
        3.0,
        4.0,
        5.0,
        6.0,
        7.0,
        8.0,
        9.0,
        10.0,
        11.0,
        12.0,
        13.0,
        14.0,
        15.0,
        16.0,
        17.0,
        18.0,
        19.0,
        20.0,
        21.0,
        22.0,
        23.0,
        24.0,
        25.0,
        26.0,
        27.0,
        28.0,
        29.0,
        30.0,
        31.0,
        32.0,
        33.0,
        34.0,
        35.0,
        36.0,
        37.0,
        38.0,
        39.0,
        40.0,
        41.0,
        42.0,
        43.0,
        44.0,
        45.0,
        46.0,
        47.0,
        48.0,
        49.0,
        50.0,
        51.0,
        52.0,
        53.0,
        54.0,
        55.0,
        56.0,
        57.0,
        58.0,
        59.0,
        60.0,
        61.0,
        62.0,
        63.0,
        64.0,
        65.0,
        66.0,
        67.0,
        68.0,
        69.0,
        70.0,
        71.0,
        72.0,
        73.0,
        74.0,
        75.0,
        76.0,
        77.0,
        78.0,
        79.0,
        80.0,
        81.0,
        82.0,
        83.0,
        84.0,
        85.0,
        86.0,
        87.0,
        88.0,
        89.0,
        90.0,
        91.0,
        92.0,
        93.0,
        94.0,
        95.0,
        96.0,
        97.0,
        98.0,
        99.0,
        100.0
    ],
    "demtherm": [
        0.00047377919450140074,
        0.0005048774663238881,
        0.000507047578233085,
        0.0004952994571627365,
        0.000487513381409554,
        0.0004978003279430953,
        0.0005330562905082732,
        0.0005912693435076502,
        0.0006607561796909304,
        0.0007225585507945228,
        0.0007579444830626695,
        0.0007581121195312827,
        0.0007294938688472787,
        0.0006907931674735491,
        0.0006645526794805716,
        0.0006692156891351328,
        0.0007145196378179438,
        0.000798901481129407,
        0.0009082018820799902,
        0.0010185361935580624,
        0.0011058387770373278,
        0.0011583870327687492,
        0.0011836298533002062,
        0.001204153672850137,
        0.0012466480410696678,
        0.0013318833239992786,
        0.001468875471271921,
        0.001650656787012606,
        0.0018512756802731324,
        0.002030017565955173,
        0.002147417639413138,
        0.002186211545974102,
        0.0021622092087865384,
        0.0021169999315914343,
        0.002099588871544173,
        0.0021499129200335462,
        0.002288753365528919,
        0.00250998642022889,
        0.0027752825686331696,
        0.0030210789447532504,
        0.0031852484371539948,
        0.0032440995307240292,
        0.003238016391140315,
        0.003271443074904043,
        0.003489613919245963,
        0.004038468182516259,
        0.005006170753035774,
        0.006351383468674745,
        0.007856206488163375,
        0.009163385976184935,
        0.00991779278859884,
        0.009943902666234357,
        0.009340554982585058,
        0.008427476935327844,
        0.007590069147863579,
        0.007128291577095817,
        0.00717648658433235,
        0.007690196179179911,
        0.008475170273213282,
        0.009257177028985944,
        0.009792534784814674,
        0.009977669772005263,
        0.009889756966494048,
        0.009732397043741127,
        0.009734561140872124,
        0.010072770897043342,
        0.010835406701760641,
        0.01199899066131678,
        0.013406995831246892,
        0.014794817232307887,
        0.015895416082924444,
        0.01657553079399401,
        0.01689639054941011,
        0.01705290949854647,
        0.0172609285887858,
        0.017690737378320602,
        0.018454208378357557,
        0.019573257807031494,
        0.020907539833744482,
        0.022132635545772435,
        0.022863840647803092,
        0.022876411828316866,
        0.022248575081291938,
        0.02131118987519597,
        0.020466471423636775,
        0.020028509955708852,
        0.020155130522997104,
        0.02082171363781218,
        0.021793774045744875,
        0.022652634033010745,
        0.022948385692398075,
        0.02243697655510464,
        0.02124344814966768,
        0.01983231998629947,
        0.018816236073126984,
        0.018720130044309266,
        0.019773084525369473,
        0.021744777376915023,
        0.02389136922082981,
        0.025140106792495242,
        0.02454244548444431
    ],
    "reptherm": [
        0.04057662571189475,
        0.04217839556934008,
        0.040763027543431404,
        0.03722748400917343,
        0.03287022622890462,
        0.028860181286753033,
        0.02587950639016374,
        0.024040750994432137,
        0.023020648756785066,
        0.02229770930902909,
        0.021397260366494964,
        0.020070815161864923,
        0.0183572186050328,
        0.016516110314768327,
        0.01488267069786954,
        0.013722408747147379,
        0.013142840380434282,
        0.013074028820449925,
        0.013304342233765282,
        0.013556692641412463,
        0.013587524049131964,
        0.013274507547315042,
        0.012651818915457958,
        0.011876301877815403,
        0.011149009757981906,
        0.010636667368325773,
        0.010421905671760504,
        0.010484553280539901,
        0.010708430819325515,
        0.010916110031568296,
        0.010932092650078983,
        0.010654165842220122,
        0.010096291121962217,
        0.009378530378609331,
        0.008672656089207758,
        0.008135307924491993,
        0.007856748291219452,
        0.007835894588301376,
        0.007982973999425814,
        0.008151516097710206,
        0.008196373741294793,
        0.008038529799135653,
        0.007705702931276914,
        0.007326551478494197,
        0.007080786267228448,
        0.0071271859263579125,
        0.0075351449772313095,
        0.00824106672819885,
        0.009048454314201622,
        0.00968373457917345,
        0.00989665873026839,
        0.009562161504661467,
        0.008728940421513126,
        0.007587934070154677,
        0.006383497494358843,
        0.005320881272383592,
        0.004513665079798444,
        0.003980196529872012,
        0.0036710105099062407,
        0.00350479093816155,
        0.003399672012209993,
        0.0032948511569557467,
        0.003160441729769772,
        0.0029955485233363276,
        0.0028180218945144846,
        0.00265154989143649,
        0.002514535277001984,
        0.002412676712160193,
        0.0023363471780329125,
        0.0022641513191591417,
        0.002172451344116032,
        0.002046797484438732,
        0.0018887975900336912,
        0.0017143970074608432,
        0.001545314396644511,
        0.0013994169011416963,
        0.0012850137022814207,
        0.0012002157766346675,
        0.0011356337388238812,
        0.0010784435686195665,
        0.0010167416506679037,
        0.0009432989070847921,
        0.0008574706192147566,
        0.0007644379833482249,
        0.0006723748299447799,
        0.0005892486247974402,
        0.0005206801340440227,
        0.0004690918725552597,
        0.0004336418559075455,
        0.00041071975364952574,
        0.00039532293231459465,
        0.00038347901270038235,
        0.00037502339265327853,
        0.0003752557148316877,
        0.00039395543005194396,
        0.0004410710816161213,
        0.0005199960845841004,
        0.0006213563397681803,
        0.0007215227674841873,
        0.0007888345686574424,
        0.0007961767539056006
    ],
    "demtherm_avg": 76.75106421669321,
    "reptherm_avg": 20.23676125501848
}