{
    "x": [
        0.0,
        1.0,
        2.0,
        3.0,
        4.0,
        5.0,
        6.0,
        7.0,
        8.0,
        9.0,
        10.0,
        11.0,
        12.0,
        13.0,
        14.0,
        15.0,
        16.0,
        17.0,
        18.0,
        19.0,
        20.0,
        21.0,
        22.0,
        23.0,
        24.0,
        25.0,
        26.0,
        27.0,
        28.0,
        29.0,
        30.0,
        31.0,
        32.0,
        33.0,
        34.0,
        35.0,
        36.0,
        37.0,
        38.0,
        39.0,
        40.0,
        41.0,
        42.0,
        43.0,
        44.0,
        45.0,
        46.0,
        47.0,
        48.0,
        49.0,
        50.0,
        51.0,
        52.0,
        53.0,
        54.0,
        55.0,
        56.0,
        57.0,
        58.0,
        59.0,
        60.0,
        61.0,
        62.0,
        63.0,
        64.0,
        65.0,
        66.0,
        67.0,
        68.0,
        69.0,
        70.0,
        71.0,
        72.0,
        73.0,
        74.0,
        75.0,
        76.0,
        77.0,
        78.0,
        79.0,
        80.0,
        81.0,
        82.0,
        83.0,
        84.0,
        85.0,
        86.0,
        87.0,
        88.0,
        89.0,
        90.0,
        91.0,
        92.0,
        93.0,
        94.0,
        95.0,
        96.0,
        97.0,
        98.0,
        99.0,
        100.0
    ],
    "demtherm": [
        0.0004531777091976415,
        0.0004666638258365829,
        0.00045039773146207966,
        0.00041914262909860384,
        0.0003911398789833834,
        0.00038102160916068484,
        0.00039532950218123023,
        0.0004314596869835516,
        0.00047941763714823824,
        0.0005257515139107167,
        0.000558947198142834,
        0.0005745532272146747,
        0.0005775729363977205,
        0.0005807531842177651,
        0.0005997541899247604,
        0.0006475805791166581,
        0.000730064707840405,
        0.0008430979470833387,
        0.0009724326589438252,
        0.001097462550789563,
        0.0011990949322520366,
        0.0012685156196984267,
        0.001311642939564324,
        0.001346346322485418,
        0.0013944064622453845,
        0.0014728767920489604,
        0.0015879143602790346,
        0.0017315194456371797,
        0.0018817228452704176,
        0.0020082984277798887,
        0.00208454623402218,
        0.002100519319713279,
        0.002069772408657234,
        0.0020250859561618557,
        0.002005954138400533,
        0.002044675215085487,
        0.00215592724925738,
        0.0023313275824941755,
        0.0025403818960919498,
        0.002740522427953475,
        0.0028963489014948536,
        0.0030016609776528165,
        0.0030938243244521308,
        0.003252848900360309,
        0.003583473122977926,
        0.004181537175419152,
        0.005088105898116249,
        0.006244114051957691,
        0.007472858604441044,
        0.008518834735488125,
        0.009143107141372316,
        0.00923131211854533,
        0.008850343595563321,
        0.008218800056553312,
        0.007612295315205988,
        0.007259171101047557,
        0.007272075877712424,
        0.00762897028637622,
        0.00819721674166683,
        0.008791265150758447,
        0.009249024872620831,
        0.009498112259382978,
        0.00957995351161934,
        0.009622316964836725,
        0.009782582977432565,
        0.010193435647166103,
        0.010924636540201215,
        0.01195800678229278,
        0.013180162192623595,
        0.014411445924715442,
        0.015476117866417926,
        0.016280553383869443,
        0.016847804111924363,
        0.017288679840701846,
        0.01774087305288478,
        0.01832042810427866,
        0.01909437470566113,
        0.02005346125771457,
        0.021084009415880175,
        0.021978030011440136,
        0.022513552904294683,
        0.022572929999290697,
        0.022216699655775326,
        0.021658721059784343,
        0.021167436230716267,
        0.02096235222247723,
        0.021147702150149963,
        0.021679280503603425,
        0.022358613588313404,
        0.022878314252825733,
        0.022938964886084743,
        0.02240130481027082,
        0.02138726450624573,
        0.02026208691922252,
        0.019501493774751282,
        0.01950210906903151,
        0.020398111086031293,
        0.021938768407223003,
        0.023491636079927825,
        0.02422674952271252,
        0.023452178558039837
    ],
    "reptherm": [
        0.03986755699455718,
        0.041520749796471884,
        0.04055159024272077,
        0.03763062502568935,
        0.03378187905985973,
        0.029989245148600678,
        0.026896644122593568,
        0.024701138962879652,
        0.023228060808429152,
        0.022111490327374562,
        0.02099190658542447,
        0.019661354408460483,
        0.018117049090074302,
        0.01652191546279481,
        0.015106215184891974,
        0.014061465345648557,
        0.013468409753519206,
        0.013276280207321722,
        0.013329401766514114,
        0.013426292458198128,
        0.013390398136035521,
        0.013127270629903851,
        0.012646294973027258,
        0.012040781262780676,
        0.01144049998992616,
        0.010960623068661962,
        0.01066509698198887,
        0.010550387042771937,
        0.010549268718192237,
        0.010554116579823771,
        0.01045618148964349,
        0.010188446566811199,
        0.009753130235907263,
        0.009220151933721107,
        0.008697871461155865,
        0.00829052071385698,
        0.008059700723828177,
        0.008002461747170186,
        0.008052533811121941,
        0.008105933306021544,
        0.008064470418540528,
        0.007881081532529165,
        0.007586334846159766,
        0.007282037219207263,
        0.0071028919357179286,
        0.0071611072773393155,
        0.0074948729062742905,
        0.008040130375907038,
        0.008638889334027533,
        0.009086203514926715,
        0.009201483132431836,
        0.008894725717192426,
        0.00819664413348178,
        0.007239162271484566,
        0.006199433311949365,
        0.005237710480077915,
        0.004456285974519069,
        0.0038892556361070116,
        0.003516032616246203,
        0.0032850839692669088,
        0.0031370857708276382,
        0.0030219970352760145,
        0.002908235648271765,
        0.0027841809163302745,
        0.0026537352191251746,
        0.002528651285139769,
        0.002420377667379673,
        0.002333663046429329,
        0.0022636763164586315,
        0.0021976749511010826,
        0.0021206153984742976,
        0.002021961439189548,
        0.0019000177238498468,
        0.0017616107533517007,
        0.00161793157587928,
        0.0014794640410936576,
        0.0013526771774314778,
        0.0012393080302227299,
        0.0011374693776989152,
        0.0010434723441481101,
        0.0009536645056554164,
        0.0008658765502297401,
        0.0007801018289328137,
        0.0006982226480524295,
        0.0006230584628244434,
        0.0005573179637191506,
        0.0005028547894604279,
        0.0004602168494552451,
        0.0004283648882216035,
        0.0004047156919880259,
        0.0003858904719017238,
        0.00036928022672865483,
        0.0003548674047576374,
        0.0003462015356070616,
        0.0003495035412421905,
        0.00037066465691182207,
        0.0004111117893653912,
        0.0004645603816113185,
        0.000516858565174989,
        0.0005499393691376896,
        0.0005486308987468932
    ],
    "demtherm_avg": 77.09340202718191,
    "reptherm_avg": 19.670926110134214
}