{
    "x": [
        0.0,
        1.0,
        2.0,
        3.0,
        4.0,
        5.0,
        6.0,
        7.0,
        8.0,
        9.0,
        10.0,
        11.0,
        12.0,
        13.0,
        14.0,
        15.0,
        16.0,
        17.0,
        18.0,
        19.0,
        20.0,
        21.0,
        22.0,
        23.0,
        24.0,
        25.0,
        26.0,
        27.0,
        28.0,
        29.0,
        30.0,
        31.0,
        32.0,
        33.0,
        34.0,
        35.0,
        36.0,
        37.0,
        38.0,
        39.0,
        40.0,
        41.0,
        42.0,
        43.0,
        44.0,
        45.0,
        46.0,
        47.0,
        48.0,
        49.0,
        50.0,
        51.0,
        52.0,
        53.0,
        54.0,
        55.0,
        56.0,
        57.0,
        58.0,
        59.0,
        60.0,
        61.0,
        62.0,
        63.0,
        64.0,
        65.0,
        66.0,
        67.0,
        68.0,
        69.0,
        70.0,
        71.0,
        72.0,
        73.0,
        74.0,
        75.0,
        76.0,
        77.0,
        78.0,
        79.0,
        80.0,
        81.0,
        82.0,
        83.0,
        84.0,
        85.0,
        86.0,
        87.0,
        88.0,
        89.0,
        90.0,
        91.0,
        92.0,
        93.0,
        94.0,
        95.0,
        96.0,
        97.0,
        98.0,
        99.0,
        100.0
    ],
    "demtherm": [
        0.040927561537573966,
        0.042646666102213314,
        0.04141977099475463,
        0.03800577517153914,
        0.03359261327760584,
        0.029330963420000602,
        0.0259754642476346,
        0.023750225518829556,
        0.022426547627187376,
        0.021530480577713562,
        0.020584998866472595,
        0.019302493828887723,
        0.017667575286484615,
        0.0158950789690686,
        0.014302135903427417,
        0.013163654101075756,
        0.01260992649163112,
        0.012591024327619016,
        0.012905078283069856,
        0.013275224128199788,
        0.013450598645083875,
        0.01329470811055548,
        0.012823474683681902,
        0.012177948926602683,
        0.011551414894603686,
        0.011109959782660939,
        0.010937101755566473,
        0.011012136338079013,
        0.011220241700500382,
        0.011391992104087683,
        0.011365861512110659,
        0.011053356229291704,
        0.010476576073113435,
        0.009758245055004429,
        0.009070158821093788,
        0.008566447202734707,
        0.008329317551561981,
        0.008343379749456602,
        0.008503916933538554,
        0.008657620768657543,
        0.008664943913796387,
        0.008460865679982183,
        0.008086324584052075,
        0.007674559194251864,
        0.007398515907698883,
        0.007401458564226635,
        0.007735420401216475,
        0.008327410228425963,
        0.008988228718608052,
        0.00946945371158622,
        0.009553982932140418,
        0.00914198854624685,
        0.008288347162712104,
        0.007171782313376117,
        0.0060155968072805365,
        0.005004759240252806,
        0.004237375420856428,
        0.003721041177132255,
        0.003400333842789622,
        0.0031944500435924944,
        0.0030297010586674577,
        0.00285962126355866,
        0.0026707426472973874,
        0.002475800282019516,
        0.0022995113611205477,
        0.0021637046072633935,
        0.0020771538837001855,
        0.002032276321921372,
        0.002008266302101943,
        0.0019789291591942775,
        0.0019224605460460228,
        0.001829387167015781,
        0.0017051443415047657,
        0.0015662809544112937,
        0.0014327160613124203,
        0.0013201633027714553,
        0.0012356836261150003,
        0.0011768999785419102,
        0.0011339659862052462,
        0.001093363286882577,
        0.0010427090626245123,
        0.0009751515467481403,
        0.0008914595967686003,
        0.000798784576262289,
        0.0007069855002683844,
        0.0006246935530737123,
        0.0005568763884361844,
        0.0005042534294841894,
        0.0004639935684689182,
        0.0004312102748229498,
        0.0004010973998699422,
        0.0003713356798908498,
        0.0003438395492276157,
        0.0003247775156879357,
        0.0003224031945236403,
        0.0003431864078624352,
        0.00038755999200567345,
        0.000447132926161846,
        0.0005052409799819842,
        0.0005416794853315154,
        0.0005402613086655711
    ],
    "reptherm": [
        0.0004896071784579861,
        0.0005341711813786349,
        0.0005497183807397656,
        0.0005467216883025645,
        0.0005416850816186104,
        0.0005503665951801782,
        0.0005815444871920645,
        0.0006331683594747977,
        0.0006922257638757178,
        0.0007393108491060567,
        0.0007571768160071936,
        0.0007396617901589502,
        0.0006960138261464475,
        0.0006479395308519142,
        0.0006211073225705809,
        0.0006355295616415817,
        0.000698557469469644,
        0.000802195647090847,
        0.0009255040567191586,
        0.0010423678000535043,
        0.0011326946014321784,
        0.0011918116091146804,
        0.0012324596915850223,
        0.0012783749887429906,
        0.0013541135884273386,
        0.00147659251053896,
        0.0016496010505531345,
        0.0018596660361294521,
        0.002074537133170636,
        0.002249730788077274,
        0.0023459068081874875,
        0.002350201704967451,
        0.002288026777180792,
        0.002216666867728034,
        0.0022041340859138905,
        0.002304265065059652,
        0.0025370359705514413,
        0.0028782353290597797,
        0.00326221305605986,
        0.0036022415565527674,
        0.003826868172334715,
        0.003918565162108714,
        0.003935182888290818,
        0.004002970767716743,
        0.004283795034149345,
        0.004924727579993514,
        0.005996530539041835,
        0.007434230470619652,
        0.009011572833504932,
        0.010387371219405542,
        0.011228786752371775,
        0.011357602678050386,
        0.01083429413408007,
        0.009929254034816287,
        0.009004754725014724,
        0.008379052336456857,
        0.008231955115193356,
        0.008569134435384325,
        0.009238116541841132,
        0.009989588084779965,
        0.010574167980084016,
        0.010843098848187236,
        0.010806230373116395,
        0.010619872576919001,
        0.010518429042609235,
        0.010727682004527067,
        0.011388501137279837,
        0.012503454698900986,
        0.01392142354628986,
        0.015382172729630763,
        0.016620089426600048,
        0.017478758986712407,
        0.017967620626472027,
        0.018232923344804818,
        0.018480020069586718,
        0.018902236715338198,
        0.019630463805450964,
        0.020681869713965892,
        0.02191075522195083,
        0.02301487517383177,
        0.02364305930266047,
        0.02356758525705357,
        0.022811777771574088,
        0.0216459061821671,
        0.020462952791069643,
        0.019619393075670857,
        0.019315566426845385,
        0.019537807954735264,
        0.020061585645672113,
        0.020525549295288673,
        0.02057694965432077,
        0.02003893727812331,
        0.019011367885238026,
        0.017844171441714213,
        0.016997261757494435,
        0.01685303643571367,
        0.017545629385967206,
        0.018853961204995526,
        0.020210054359422445,
        0.02086792656118206,
        0.02020609139571293
    ],
    "demtherm_avg": 19.75558856666775,
    "reptherm_avg": 75.06243308579555
}