{
    "x": [
        0.0,
        1.0,
        2.0,
        3.0,
        4.0,
        5.0,
        6.0,
        7.0,
        8.0,
        9.0,
        10.0,
        11.0,
        12.0,
        13.0,
        14.0,
        15.0,
        16.0,
        17.0,
        18.0,
        19.0,
        20.0,
        21.0,
        22.0,
        23.0,
        24.0,
        25.0,
        26.0,
        27.0,
        28.0,
        29.0,
        30.0,
        31.0,
        32.0,
        33.0,
        34.0,
        35.0,
        36.0,
        37.0,
        38.0,
        39.0,
        40.0,
        41.0,
        42.0,
        43.0,
        44.0,
        45.0,
        46.0,
        47.0,
        48.0,
        49.0,
        50.0,
        51.0,
        52.0,
        53.0,
        54.0,
        55.0,
        56.0,
        57.0,
        58.0,
        59.0,
        60.0,
        61.0,
        62.0,
        63.0,
        64.0,
        65.0,
        66.0,
        67.0,
        68.0,
        69.0,
        70.0,
        71.0,
        72.0,
        73.0,
        74.0,
        75.0,
        76.0,
        77.0,
        78.0,
        79.0,
        80.0,
        81.0,
        82.0,
        83.0,
        84.0,
        85.0,
        86.0,
        87.0,
        88.0,
        89.0,
        90.0,
        91.0,
        92.0,
        93.0,
        94.0,
        95.0,
        96.0,
        97.0,
        98.0,
        99.0,
        100.0
    ],
    "demtherm": [
        0.0005006691866424241,
        0.000528420110129901,
        0.0005237885164437081,
        0.0004996329208510527,
        0.0004726672123959282,
        0.0004572900446082271,
        0.00046181549491901606,
        0.0004868662841736922,
        0.0005253305364877456,
        0.0005646335288967268,
        0.0005920345115520028,
        0.0006012023238984117,
        0.0005962125234186136,
        0.00059032167688972,
        0.0006005265376295406,
        0.0006412024853237441,
        0.000719153854551536,
        0.0008304991759776881,
        0.0009599575226772143,
        0.0010844793544533078,
        0.001182111400689356,
        0.0012426481577716812,
        0.0012734262202526614,
        0.0012961349899445395,
        0.0013369742633215407,
        0.0014162196315462743,
        0.0015410952642025946,
        0.0017021435132430597,
        0.001873424243995992,
        0.002019246570177029,
        0.002108380808657636,
        0.002129884380138218,
        0.0021004464230838025,
        0.002058050293580316,
        0.0020465939173027726,
        0.0021005827798795296,
        0.002234891990403365,
        0.0024393710215323675,
        0.0026789069038329876,
        0.0029031744650245966,
        0.0030680306525758694,
        0.0031615710467437362,
        0.0032217464270863114,
        0.0033362212278865784,
        0.0036234267038809218,
        0.0041967771476569245,
        0.005113902574194403,
        0.006322283772905185,
        0.007632694933628852,
        0.008758129390886656,
        0.009423456444258562,
        0.00949429264165364,
        0.009045365806087422,
        0.008324653243040768,
        0.0076411858822204625,
        0.007246113540271544,
        0.007259282920690986,
        0.00765125648145115,
        0.008269872884029295,
        0.008903392669121598,
        0.009367915045818534,
        0.009585578944619613,
        0.009611714387655556,
        0.009597970721993141,
        0.009721881072122135,
        0.010125553314354534,
        0.010878786278001481,
        0.01195639623281572,
        0.013230046583003023,
        0.014498355985103266,
        0.015566337831256848,
        0.016335722960255095,
        0.016841843196726842,
        0.017213754824695834,
        0.017601503158085664,
        0.018127986655047928,
        0.018870119574311294,
        0.019831619385606705,
        0.020900899110502587,
        0.021849360525856273,
        0.022420700557786766,
        0.02247460253551926,
        0.02207756212906326,
        0.021470468388622564,
        0.020948891225653923,
        0.020747562302911454,
        0.020976548648400484,
        0.021590775197934075,
        0.022377039186602454,
        0.022993119799143667,
        0.023096136733687773,
        0.022521187585251595,
        0.02140097021870306,
        0.02014220940115445,
        0.019271243810723922,
        0.019226556869364243,
        0.020166609438081764,
        0.021837797455832548,
        0.023565969198399248,
        0.024445191142557453,
        0.023708853095589733
    ],
    "reptherm": [
        0.04029828726149436,
        0.04195864695650313,
        0.04083310194597988,
        0.037673759697061535,
        0.03360966103878814,
        0.029701074467109616,
        0.026614152990270153,
        0.02451947928736829,
        0.023188960434929698,
        0.022199742622375247,
        0.021150663576379087,
        0.019819055265769714,
        0.01821559588316104,
        0.016534908702989563,
        0.015041591576733529,
        0.01395150785571828,
        0.013354596795233743,
        0.013194674403150133,
        0.013299086311109777,
        0.013443141117488419,
        0.013429360630902264,
        0.01315389257098531,
        0.012632616740143878,
        0.011977530873645958,
        0.011340263445712203,
        0.010852515311483013,
        0.010584727742863983,
        0.010528244018246367,
        0.010599611290664494,
        0.010667681150046234,
        0.010601101076506633,
        0.010321006903138962,
        0.00983404655671195,
        0.009228238785039398,
        0.00863504235296301,
        0.008177839998667644,
        0.00792840254654383,
        0.007883983589299872,
        0.007969839467827913,
        0.008067651352850334,
        0.008063591076140676,
        0.007899095005491328,
        0.007601315408775392,
        0.007277289043667534,
        0.007073017132319963,
        0.007113862819297464,
        0.007448203789346047,
        0.008014473315330067,
        0.00864683038783972,
        0.009124528320165966,
        0.009251297672141263,
        0.008931118931424075,
        0.00820264534522792,
        0.007215335877723378,
        0.006163617393454928,
        0.005216263461560142,
        0.00447288720368355,
        0.0039569164153742,
        0.003634513474312895,
        0.003442944911320248,
        0.003316516616618772,
        0.0032045026751903014,
        0.0030793107662953033,
        0.0029355568101593794,
        0.002782976242855254,
        0.0026371863327024816,
        0.002511411257172379,
        0.0024106764785411707,
        0.002329378883310519,
        0.0022531925320636893,
        0.0021652031078295596,
        0.002053699058393304,
        0.0019173883012823963,
        0.001765121501490949,
        0.0016107936209114005,
        0.001466939623690459,
        0.0013404880168745293,
        0.0012319109412443885,
        0.001136923467615208,
        0.0010492579912497776,
        0.0009633909534599424,
        0.000876465874741269,
        0.0007888828946012169,
        0.0007035019649510112,
        0.0006240908970042386,
        0.0005539388520407072,
        0.0004951291746400786,
        0.000448300163582063,
        0.0004125455105635903,
        0.0003855182039930617,
        0.0003641887956740572,
        0.0003464840370818099,
        0.0003332696245189466,
        0.00032945371516041256,
        0.00034295370975324447,
        0.0003810746149917637,
        0.0004452905196830631,
        0.0005269171077939021,
        0.0006067151335506204,
        0.0006601008768513467,
        0.0006664808179485299
    ],
    "demtherm_avg": 76.92316190112798,
    "reptherm_avg": 19.835124173365298
}