{
  "alabama":1.5418086796,
  "arizona":1.757590936,
  "arkansas":1.5339481246,
  "california":-0.4345320069,
  "colorado":-2.0844664396,
  "connecticut":2.0563805693,
  "delaware":2.2193349794,
  "district of columbia":null,
  "florida":3.7014118852,
  "georgia":0.2491190884,
  "idaho":-1.443636196,
  "illinois":5.787440691,
  "indiana":3.2580292616,
  "iowa":2.36722745,
  "kansas":3.546683275,
  "kentucky":3.8745234543,
  "louisiana":1.3839970715,
  "maine":1.9937147311,
  "maryland":2.0246906139,
  "massachusetts":0.3167909383,
  "michigan":3.3782394228,
  "minnesota":2.8555611051,
  "mississippi":3.8775648322,
  "missouri":2.6147758336,
  "montana":-0.7222707768,
  "nebraska":4.1217590838,
  "nevada":0.044876754,
  "new hampshire":2.1909017562,
  "new jersey":3.9531241371,
  "new mexico":0.517737643,
  "new york":2.0110231062,
  "north carolina":0.1329578012,
  "north dakota":5.2185288246,
  "ohio":4.112761843,
  "oklahoma":3.2185903389,
  "oregon":0.3863235569,
  "pennsylvania":4.2377908571,
  "rhode island":0.2129451111,
  "south carolina":4.631064444,
  "south dakota":2.7966589008,
  "tennessee":0.9558446588,
  "texas":1.692020152,
  "utah":-1.439178212,
  "vermont":1.7797599407,
  "virginia":3.0163649355,
  "washington":-1.8664516569,
  "west virginia":0.8678441762,
  "wisconsin":3.011217665,
  "wyoming":0.2340012835
}